from,to,cost
1_1,1_2,1
1_1,2_1,1
1_2,1_3,1
1_2,2_2,1
1_3,1_4,1
1_3,2_3,1
1_4,1_5,1
1_4,2_4,1
1_5,1_6,1
1_5,2_5,1
1_6,1_7,1
1_6,2_6,1
1_7,1_8,1
1_7,2_7,1
1_8,1_9,1
1_8,2_8,1
1_9,1_10,1
1_9,2_9,1
1_10,1_11,1
1_10,2_10,1
1_11,1_12,1
1_11,2_11,1
1_12,1_13,1
1_12,2_12,1
1_13,1_14,1
1_13,2_13,1
1_14,1_15,1
1_14,2_14,1
1_15,1_16,1
1_15,2_15,1
1_16,1_17,1
1_16,2_16,1
1_17,1_18,1
1_17,2_17,1
1_18,1_19,1
1_18,2_18,1
1_19,1_20,1
1_19,2_19,1
1_20,1_21,1
1_20,2_20,1
1_21,1_22,1
1_21,2_21,1
1_22,1_23,1
1_22,2_22,1
1_23,1_24,1
1_23,2_23,1
1_24,1_25,1
1_24,2_24,1
1_25,1_26,1
1_25,2_25,1
1_26,1_27,1
1_26,2_26,1
1_27,1_28,1
1_27,2_27,1
1_28,1_29,1
1_28,2_28,1
1_29,1_30,1
1_29,2_29,1
1_30,1_31,1
1_30,2_30,1
1_31,1_32,1
1_31,2_31,1
1_32,1_33,1
1_32,2_32,1
1_33,1_34,1
1_33,2_33,1
1_34,1_35,1
1_34,2_34,1
1_35,1_36,1
1_35,2_35,1
1_36,1_37,1
1_36,2_36,1
1_37,1_38,1
1_37,2_37,1
1_38,1_39,1
1_38,2_38,1
1_39,1_40,1
1_39,2_39,1
1_40,1_41,1
1_40,2_40,1
1_41,1_42,1
1_41,2_41,1
1_42,1_43,1
1_42,2_42,1
1_43,1_44,1
1_43,2_43,1
1_44,1_45,1
1_44,2_44,1
1_45,1_46,1
1_45,2_45,1
1_46,1_47,1
1_46,2_46,1
1_47,1_48,1
1_47,2_47,1
1_48,1_49,1
1_48,2_48,1
1_49,1_50,1
1_49,2_49,1
1_50,1_51,1
1_50,2_50,1
1_51,1_52,1
1_51,2_51,1
1_52,1_53,1
1_52,2_52,1
1_53,1_54,1
1_53,2_53,1
1_54,1_55,1
1_54,2_54,1
1_55,1_56,1
1_55,2_55,1
1_56,1_57,1
1_56,2_56,1
1_57,1_58,1
1_57,2_57,1
1_58,1_59,1
1_58,2_58,1
1_59,1_60,1
1_59,2_59,1
1_60,1_61,1
1_60,2_60,1
1_61,1_62,1
1_61,2_61,1
1_62,1_63,1
1_62,2_62,1
1_63,1_64,1
1_63,2_63,1
1_64,1_65,1
1_64,2_64,1
1_65,1_66,1
1_65,2_65,1
1_66,1_67,1
1_66,2_66,1
1_67,1_68,1
1_67,2_67,1
1_68,1_69,1
1_68,2_68,1
1_69,1_70,1
1_69,2_69,1
1_70,1_71,1
1_70,2_70,1
1_71,1_72,1
1_71,2_71,1
1_72,1_73,1
1_72,2_72,1
1_73,1_74,1
1_73,2_73,1
1_74,1_75,1
1_74,2_74,1
1_75,1_76,1
1_75,2_75,1
1_76,1_77,1
1_76,2_76,1
1_77,1_78,1
1_77,2_77,1
1_78,2_78,1
2_1,2_2,1
2_1,3_1,1
2_2,2_3,1
2_2,3_2,1
2_3,2_4,1
2_3,3_3,1
2_4,2_5,1
2_4,3_4,1
2_5,2_6,1
2_5,3_5,1
2_6,2_7,1
2_6,3_6,1
2_7,2_8,1
2_7,3_7,1
2_8,2_9,1
2_8,3_8,1
2_9,2_10,1
2_9,3_9,1
2_10,2_11,1
2_10,3_10,1
2_11,2_12,1
2_11,3_11,1
2_12,2_13,1
2_12,3_12,1
2_13,2_14,1
2_13,3_13,1
2_14,2_15,1
2_14,3_14,1
2_15,2_16,1
2_15,3_15,1
2_16,2_17,1
2_16,3_16,1
2_17,2_18,1
2_17,3_17,1
2_18,2_19,1
2_18,3_18,1
2_19,2_20,1
2_19,3_19,1
2_20,2_21,1
2_20,3_20,1
2_21,2_22,1
2_21,3_21,1
2_22,2_23,1
2_22,3_22,1
2_23,2_24,1
2_23,3_23,1
2_24,2_25,1
2_24,3_24,1
2_25,2_26,1
2_25,3_25,1
2_26,2_27,1
2_26,3_26,1
2_27,2_28,1
2_27,3_27,1
2_28,2_29,1
2_28,3_28,1
2_29,2_30,1
2_29,3_29,1
2_30,2_31,1
2_30,3_30,1
2_31,2_32,1
2_31,3_31,1
2_32,2_33,1
2_32,3_32,1
2_33,2_34,1
2_33,3_33,1
2_34,2_35,1
2_34,3_34,1
2_35,2_36,1
2_35,3_35,1
2_36,2_37,1
2_36,3_36,1
2_37,2_38,1
2_37,3_37,1
2_38,2_39,1
2_38,3_38,1
2_39,2_40,1
2_39,3_39,1
2_40,2_41,1
2_40,3_40,1
2_41,2_42,1
2_41,3_41,1
2_42,2_43,1
2_42,3_42,1
2_43,2_44,1
2_43,3_43,1
2_44,2_45,1
2_44,3_44,1
2_45,2_46,1
2_45,3_45,1
2_46,2_47,1
2_46,3_46,1
2_47,2_48,1
2_47,3_47,1
2_48,2_49,1
2_48,3_48,1
2_49,2_50,1
2_49,3_49,1
2_50,2_51,1
2_50,3_50,1
2_51,2_52,1
2_51,3_51,1
2_52,2_53,1
2_52,3_52,1
2_53,2_54,1
2_53,3_53,1
2_54,2_55,1
2_54,3_54,1
2_55,2_56,1
2_55,3_55,1
2_56,2_57,1
2_56,3_56,1
2_57,2_58,1
2_57,3_57,1
2_58,2_59,1
2_58,3_58,1
2_59,2_60,1
2_59,3_59,1
2_60,2_61,1
2_60,3_60,1
2_61,2_62,1
2_61,3_61,1
2_62,2_63,1
2_62,3_62,1
2_63,2_64,1
2_63,3_63,1
2_64,2_65,1
2_64,3_64,1
2_65,2_66,1
2_65,3_65,1
2_66,2_67,1
2_66,3_66,1
2_67,2_68,1
2_67,3_67,1
2_68,2_69,1
2_68,3_68,1
2_69,2_70,1
2_69,3_69,1
2_70,2_71,1
2_70,3_70,1
2_71,2_72,1
2_71,3_71,1
2_72,2_73,1
2_72,3_72,1
2_73,2_74,1
2_73,3_73,1
2_74,2_75,1
2_74,3_74,1
2_75,2_76,1
2_75,3_75,1
2_76,2_77,1
2_76,3_76,1
2_77,2_78,1
2_77,3_77,1
2_78,3_78,1
3_1,3_2,1
3_1,4_1,1
3_2,3_3,1
3_2,4_2,1
3_3,3_4,1
3_3,4_3,1
3_4,3_5,1
3_4,4_4,1
3_5,3_6,1
3_5,4_5,1
3_6,3_7,1
3_6,4_6,1
3_7,3_8,1
3_7,4_7,1
3_8,3_9,1
3_8,4_8,1
3_9,3_10,1
3_9,4_9,1
3_10,3_11,1
3_10,4_10,1
3_11,3_12,1
3_11,4_11,1
3_12,3_13,1
3_12,4_12,1
3_13,3_14,1
3_13,4_13,1
3_14,3_15,1
3_14,4_14,1
3_15,3_16,1
3_15,4_15,1
3_16,3_17,1
3_16,4_16,1
3_17,3_18,1
3_17,4_17,1
3_18,3_19,1
3_18,4_18,1
3_19,3_20,1
3_19,4_19,1
3_20,3_21,1
3_21,3_22,1
3_22,3_23,1
3_23,3_24,1
3_24,3_25,1
3_25,3_26,1
3_25,4_25,1
3_26,3_27,1
3_26,4_26,1
3_27,3_28,1
3_27,4_27,1
3_28,3_29,1
3_28,4_28,1
3_29,3_30,1
3_29,4_29,1
3_30,3_31,1
3_30,4_30,1
3_31,3_32,1
3_31,4_31,1
3_32,3_33,1
3_32,4_32,1
3_33,3_34,1
3_33,4_33,1
3_34,3_35,1
3_34,4_34,1
3_35,3_36,1
3_35,4_35,1
3_36,3_37,1
3_36,4_36,1
3_37,3_38,1
3_37,4_37,1
3_38,3_39,1
3_38,4_38,1
3_39,3_40,1
3_39,4_39,1
3_40,3_41,1
3_40,4_40,1
3_41,3_42,1
3_41,4_41,1
3_42,3_43,1
3_42,4_42,1
3_43,3_44,1
3_43,4_43,1
3_44,3_45,1
3_44,4_44,1
3_45,3_46,1
3_45,4_45,1
3_46,3_47,1
3_46,4_46,1
3_47,3_48,1
3_47,4_47,1
3_48,3_49,1
3_48,4_48,1
3_49,3_50,1
3_49,4_49,1
3_50,3_51,1
3_50,4_50,1
3_51,3_52,1
3_51,4_51,1
3_52,3_53,1
3_52,4_52,1
3_53,3_54,1
3_53,4_53,1
3_54,3_55,1
3_54,4_54,1
3_55,3_56,1
3_55,4_55,1
3_56,3_57,1
3_56,4_56,1
3_57,3_58,1
3_57,4_57,1
3_58,3_59,1
3_58,4_58,1
3_59,3_60,1
3_59,4_59,1
3_60,3_61,1
3_60,4_60,1
3_61,3_62,1
3_61,4_61,1
3_62,3_63,1
3_62,4_62,1
3_63,3_64,1
3_63,4_63,1
3_64,3_65,1
3_64,4_64,1
3_65,3_66,1
3_65,4_65,1
3_66,3_67,1
3_66,4_66,1
3_67,3_68,1
3_67,4_67,1
3_68,3_69,1
3_68,4_68,1
3_69,3_70,1
3_69,4_69,1
3_70,3_71,1
3_70,4_70,1
3_71,3_72,1
3_71,4_71,1
3_72,3_73,1
3_72,4_72,1
3_73,3_74,1
3_73,4_73,1
3_74,3_75,1
3_74,4_74,1
3_75,3_76,1
3_75,4_75,1
3_76,3_77,1
3_76,4_76,1
3_77,3_78,1
3_77,4_77,1
3_78,4_78,1
4_1,4_2,1
4_1,5_1,1
4_2,4_3,1
4_2,5_2,1
4_3,4_4,1
4_3,5_3,1
4_4,4_5,1
4_4,5_4,1
4_5,4_6,1
4_5,5_5,1
4_6,4_7,1
4_6,5_6,1
4_7,4_8,1
4_7,5_7,1
4_8,4_9,1
4_8,5_8,1
4_9,4_10,1
4_9,5_9,1
4_10,4_11,1
4_10,5_10,1
4_11,4_12,1
4_11,5_11,1
4_12,4_13,1
4_12,5_12,1
4_13,4_14,1
4_13,5_13,1
4_14,4_15,1
4_14,5_14,1
4_15,4_16,1
4_15,5_15,1
4_16,4_17,1
4_16,5_16,1
4_17,4_18,1
4_17,5_17,1
4_18,4_19,1
4_18,5_18,1
4_19,5_19,1
4_25,4_26,1
4_25,5_25,1
4_26,4_27,1
4_26,5_26,1
4_27,4_28,1
4_27,5_27,1
4_28,4_29,1
4_28,5_28,1
4_29,4_30,1
4_29,5_29,1
4_30,4_31,1
4_30,5_30,1
4_31,4_32,1
4_31,5_31,1
4_32,4_33,1
4_32,5_32,1
4_33,4_34,1
4_33,5_33,1
4_34,4_35,1
4_34,5_34,1
4_35,4_36,1
4_35,5_35,1
4_36,4_37,1
4_36,5_36,1
4_37,4_38,1
4_37,5_37,1
4_38,4_39,1
4_38,5_38,1
4_39,4_40,1
4_39,5_39,1
4_40,4_41,1
4_40,5_40,1
4_41,4_42,1
4_41,5_41,1
4_42,4_43,1
4_42,5_42,1
4_43,4_44,1
4_43,5_43,1
4_44,4_45,1
4_44,5_44,1
4_45,4_46,1
4_45,5_45,1
4_46,4_47,1
4_46,5_46,1
4_47,4_48,1
4_47,5_47,1
4_48,4_49,1
4_48,5_48,1
4_49,4_50,1
4_49,5_49,1
4_50,4_51,1
4_50,5_50,1
4_51,4_52,1
4_51,5_51,1
4_52,4_53,1
4_52,5_52,1
4_53,4_54,1
4_53,5_53,1
4_54,4_55,1
4_54,5_54,1
4_55,4_56,1
4_55,5_55,1
4_56,4_57,1
4_56,5_56,1
4_57,4_58,1
4_57,5_57,1
4_58,4_59,1
4_58,5_58,1
4_59,4_60,1
4_59,5_59,1
4_60,4_61,1
4_60,5_60,1
4_61,4_62,1
4_61,5_61,1
4_62,4_63,1
4_62,5_62,1
4_63,4_64,1
4_63,5_63,1
4_64,4_65,1
4_64,5_64,1
4_65,4_66,1
4_65,5_65,1
4_66,4_67,1
4_66,5_66,1
4_67,4_68,1
4_67,5_67,1
4_68,4_69,1
4_68,5_68,1
4_69,4_70,1
4_69,5_69,1
4_70,4_71,1
4_70,5_70,1
4_71,4_72,1
4_71,5_71,1
4_72,4_73,1
4_72,5_72,1
4_73,4_74,1
4_73,5_73,1
4_74,4_75,1
4_74,5_74,1
4_75,4_76,1
4_75,5_75,1
4_76,4_77,1
4_76,5_76,1
4_77,4_78,1
4_77,5_77,1
4_78,5_78,1
5_1,5_2,1
5_1,6_1,1
5_2,5_3,1
5_2,6_2,1
5_3,5_4,1
5_3,6_3,1
5_4,5_5,1
5_4,6_4,1
5_5,5_6,1
5_5,6_5,1
5_6,5_7,1
5_6,6_6,1
5_7,5_8,1
5_7,6_7,1
5_8,5_9,1
5_8,6_8,1
5_9,5_10,1
5_9,6_9,1
5_10,5_11,1
5_10,6_10,1
5_11,5_12,1
5_11,6_11,1
5_12,5_13,1
5_12,6_12,1
5_13,5_14,1
5_13,6_13,1
5_14,5_15,1
5_14,6_14,1
5_15,5_16,1
5_15,6_15,1
5_16,5_17,1
5_16,6_16,1
5_17,5_18,1
5_17,6_17,1
5_18,5_19,1
5_18,6_18,1
5_19,6_19,1
5_21,5_22,1
5_21,6_21,1
5_22,5_23,1
5_22,6_22,1
5_23,5_24,1
5_23,6_23,1
5_24,5_25,1
5_24,6_24,1
5_25,5_26,1
5_25,6_25,1
5_26,5_27,1
5_26,6_26,1
5_27,5_28,1
5_27,6_27,1
5_28,5_29,1
5_28,6_28,1
5_29,5_30,1
5_29,6_29,1
5_30,5_31,1
5_30,6_30,1
5_31,5_32,1
5_31,6_31,1
5_32,5_33,1
5_32,6_32,1
5_33,5_34,1
5_33,6_33,1
5_34,5_35,1
5_34,6_34,1
5_35,5_36,1
5_35,6_35,1
5_36,5_37,1
5_36,6_36,1
5_37,5_38,1
5_37,6_37,1
5_38,5_39,1
5_38,6_38,1
5_39,5_40,1
5_39,6_39,1
5_40,5_41,1
5_40,6_40,1
5_41,5_42,1
5_41,6_41,1
5_42,5_43,1
5_42,6_42,1
5_43,5_44,1
5_43,6_43,1
5_44,5_45,1
5_44,6_44,1
5_45,5_46,1
5_45,6_45,1
5_46,5_47,1
5_46,6_46,1
5_47,5_48,1
5_47,6_47,1
5_48,5_49,1
5_48,6_48,1
5_49,5_50,1
5_49,6_49,1
5_50,5_51,1
5_50,6_50,1
5_51,5_52,1
5_51,6_51,1
5_52,5_53,1
5_52,6_52,1
5_53,5_54,1
5_53,6_53,1
5_54,5_55,1
5_54,6_54,1
5_55,5_56,1
5_55,6_55,1
5_56,5_57,1
5_56,6_56,1
5_57,5_58,1
5_57,6_57,1
5_58,5_59,1
5_58,6_58,1
5_59,5_60,1
5_59,6_59,1
5_60,5_61,1
5_60,6_60,1
5_61,5_62,1
5_61,6_61,1
5_62,5_63,1
5_62,6_62,1
5_63,5_64,1
5_63,6_63,1
5_64,5_65,1
5_64,6_64,1
5_65,5_66,1
5_65,6_65,1
5_66,5_67,1
5_66,6_66,1
5_67,5_68,1
5_67,6_67,1
5_68,5_69,1
5_68,6_68,1
5_69,5_70,1
5_69,6_69,1
5_70,5_71,1
5_70,6_70,1
5_71,5_72,1
5_71,6_71,1
5_72,5_73,1
5_72,6_72,1
5_73,5_74,1
5_73,6_73,1
5_74,5_75,1
5_74,6_74,1
5_75,5_76,1
5_75,6_75,1
5_76,5_77,1
5_76,6_76,1
5_77,5_78,1
5_77,6_77,1
5_78,6_78,1
6_1,6_2,1
6_1,7_1,1
6_2,6_3,1
6_2,7_2,1
6_3,6_4,1
6_3,7_3,1
6_4,6_5,1
6_4,7_4,1
6_5,6_6,1
6_5,7_5,1
6_6,6_7,1
6_6,7_6,1
6_7,6_8,1
6_7,7_7,1
6_8,6_9,1
6_8,7_8,1
6_9,6_10,1
6_9,7_9,1
6_10,6_11,1
6_10,7_10,1
6_11,6_12,1
6_11,7_11,1
6_12,6_13,1
6_12,7_12,1
6_13,6_14,1
6_13,7_13,1
6_14,6_15,1
6_14,7_14,1
6_15,6_16,1
6_15,7_15,1
6_16,6_17,1
6_16,7_16,1
6_17,6_18,1
6_17,7_17,1
6_18,6_19,1
6_18,7_18,1
6_19,7_19,1
6_21,6_22,1
6_21,7_21,1
6_22,6_23,1
6_22,7_22,1
6_23,6_24,1
6_23,7_23,1
6_24,6_25,1
6_24,7_24,1
6_25,6_26,1
6_25,7_25,1
6_26,6_27,1
6_26,7_26,1
6_27,6_28,1
6_27,7_27,1
6_28,6_29,1
6_28,7_28,1
6_29,6_30,1
6_29,7_29,1
6_30,6_31,1
6_30,7_30,1
6_31,6_32,1
6_31,7_31,1
6_32,6_33,1
6_32,7_32,1
6_33,6_34,1
6_33,7_33,1
6_34,6_35,1
6_34,7_34,1
6_35,6_36,1
6_35,7_35,1
6_36,6_37,1
6_36,7_36,1
6_37,6_38,1
6_37,7_37,1
6_38,6_39,1
6_38,7_38,1
6_39,6_40,1
6_39,7_39,1
6_40,6_41,1
6_40,7_40,1
6_41,6_42,1
6_41,7_41,1
6_42,6_43,1
6_42,7_42,1
6_43,6_44,1
6_43,7_43,1
6_44,6_45,1
6_44,7_44,1
6_45,6_46,1
6_45,7_45,1
6_46,6_47,1
6_46,7_46,1
6_47,6_48,1
6_47,7_47,1
6_48,6_49,1
6_48,7_48,1
6_49,6_50,1
6_49,7_49,1
6_50,6_51,1
6_50,7_50,1
6_51,6_52,1
6_51,7_51,1
6_52,6_53,1
6_52,7_52,1
6_53,6_54,1
6_53,7_53,1
6_54,6_55,1
6_55,6_56,1
6_55,7_55,1
6_56,6_57,1
6_56,7_56,1
6_57,6_58,1
6_57,7_57,1
6_58,6_59,1
6_58,7_58,1
6_59,6_60,1
6_60,6_61,1
6_61,6_62,1
6_62,6_63,1
6_63,6_64,1
6_63,7_63,1
6_64,6_65,1
6_64,7_64,1
6_65,6_66,1
6_65,7_65,1
6_66,6_67,1
6_66,7_66,1
6_67,6_68,1
6_67,7_67,1
6_68,6_69,1
6_68,7_68,1
6_69,6_70,1
6_69,7_69,1
6_70,6_71,1
6_70,7_70,1
6_71,6_72,1
6_71,7_71,1
6_72,6_73,1
6_72,7_72,1
6_73,6_74,1
6_73,7_73,1
6_74,6_75,1
6_74,7_74,1
6_75,6_76,1
6_75,7_75,1
6_76,6_77,1
6_76,7_76,1
6_77,6_78,1
6_77,7_77,1
6_78,7_78,1
7_1,7_2,1
7_1,8_1,1
7_2,7_3,1
7_2,8_2,1
7_3,7_4,1
7_3,8_3,1
7_4,7_5,1
7_4,8_4,1
7_5,7_6,1
7_5,8_5,1
7_6,7_7,1
7_6,8_6,1
7_7,7_8,1
7_7,8_7,1
7_8,7_9,1
7_8,8_8,1
7_9,7_10,1
7_9,8_9,1
7_10,7_11,1
7_10,8_10,1
7_11,7_12,1
7_11,8_11,1
7_12,7_13,1
7_12,8_12,1
7_13,7_14,1
7_13,8_13,1
7_14,7_15,1
7_14,8_14,1
7_15,7_16,1
7_15,8_15,1
7_16,7_17,1
7_16,8_16,1
7_17,7_18,1
7_17,8_17,1
7_18,7_19,1
7_18,8_18,1
7_19,8_19,1
7_21,7_22,1
7_21,8_21,1
7_22,7_23,1
7_22,8_22,1
7_23,7_24,1
7_23,8_23,1
7_24,7_25,1
7_24,8_24,1
7_25,7_26,1
7_25,8_25,1
7_26,7_27,1
7_27,7_28,1
7_27,8_27,1
7_28,7_29,1
7_28,8_28,1
7_29,7_30,1
7_29,8_29,1
7_30,7_31,1
7_30,8_30,1
7_31,7_32,1
7_31,8_31,1
7_32,7_33,1
7_32,8_32,1
7_33,7_34,1
7_33,8_33,1
7_34,7_35,1
7_34,8_34,1
7_35,7_36,1
7_35,8_35,1
7_36,7_37,1
7_36,8_36,1
7_37,7_38,1
7_37,8_37,1
7_38,7_39,1
7_38,8_38,1
7_39,7_40,1
7_39,8_39,1
7_40,7_41,1
7_40,8_40,1
7_41,7_42,1
7_41,8_41,1
7_42,7_43,1
7_42,8_42,1
7_43,7_44,1
7_43,8_43,1
7_44,7_45,1
7_44,8_44,1
7_45,7_46,1
7_45,8_45,1
7_46,7_47,1
7_46,8_46,1
7_47,7_48,1
7_47,8_47,1
7_48,7_49,1
7_48,8_48,1
7_49,7_50,1
7_49,8_49,1
7_50,7_51,1
7_50,8_50,1
7_51,7_52,1
7_51,8_51,1
7_52,7_53,1
7_52,8_52,1
7_53,8_53,1
7_55,7_56,1
7_55,8_55,1
7_56,7_57,1
7_56,8_56,1
7_57,7_58,1
7_57,8_57,1
7_58,8_58,1
7_63,7_64,1
7_63,8_63,1
7_64,7_65,1
7_64,8_64,1
7_65,7_66,1
7_65,8_65,1
7_66,7_67,1
7_66,8_66,1
7_67,7_68,1
7_67,8_67,1
7_68,7_69,1
7_68,8_68,1
7_69,7_70,1
7_69,8_69,1
7_70,7_71,1
7_70,8_70,1
7_71,7_72,1
7_71,8_71,1
7_72,7_73,1
7_72,8_72,1
7_73,7_74,1
7_73,8_73,1
7_74,7_75,1
7_74,8_74,1
7_75,7_76,1
7_75,8_75,1
7_76,7_77,1
7_76,8_76,1
7_77,7_78,1
7_77,8_77,1
7_78,8_78,1
8_1,8_2,1
8_1,9_1,1
8_2,8_3,1
8_2,9_2,1
8_3,8_4,1
8_3,9_3,1
8_4,8_5,1
8_4,9_4,1
8_5,8_6,1
8_5,9_5,1
8_6,8_7,1
8_6,9_6,1
8_7,8_8,1
8_7,9_7,1
8_8,8_9,1
8_8,9_8,1
8_9,8_10,1
8_9,9_9,1
8_10,8_11,1
8_10,9_10,1
8_11,8_12,1
8_11,9_11,1
8_12,8_13,1
8_12,9_12,1
8_13,8_14,1
8_13,9_13,1
8_14,8_15,1
8_14,9_14,1
8_15,8_16,1
8_15,9_15,1
8_16,8_17,1
8_16,9_16,1
8_17,8_18,1
8_17,9_17,1
8_18,8_19,1
8_18,9_18,1
8_19,9_19,1
8_21,8_22,1
8_21,9_21,1
8_22,8_23,1
8_22,9_22,1
8_23,8_24,1
8_23,9_23,1
8_24,8_25,1
8_24,9_24,1
8_25,9_25,1
8_27,8_28,1
8_27,9_27,1
8_28,8_29,1
8_28,9_28,1
8_29,8_30,1
8_29,9_29,1
8_30,8_31,1
8_30,9_30,1
8_31,8_32,1
8_31,9_31,1
8_32,8_33,1
8_32,9_32,1
8_33,8_34,1
8_33,9_33,1
8_34,8_35,1
8_34,9_34,1
8_35,8_36,1
8_35,9_35,1
8_36,8_37,1
8_36,9_36,1
8_37,8_38,1
8_37,9_37,1
8_38,8_39,1
8_38,9_38,1
8_39,8_40,1
8_39,9_39,1
8_40,8_41,1
8_40,9_40,1
8_41,8_42,1
8_41,9_41,1
8_42,8_43,1
8_42,9_42,1
8_43,8_44,1
8_43,9_43,1
8_44,8_45,1
8_44,9_44,1
8_45,8_46,1
8_45,9_45,1
8_46,8_47,1
8_46,9_46,1
8_47,8_48,1
8_47,9_47,1
8_48,8_49,1
8_48,9_48,1
8_49,8_50,1
8_49,9_49,1
8_50,8_51,1
8_50,9_50,1
8_51,8_52,1
8_51,9_51,1
8_52,8_53,1
8_52,9_52,1
8_53,9_53,1
8_55,8_56,1
8_55,9_55,1
8_56,8_57,1
8_56,9_56,1
8_57,8_58,1
8_57,9_57,1
8_58,9_58,1
8_60,8_61,1
8_60,9_60,1
8_61,8_62,1
8_61,9_61,1
8_62,8_63,1
8_62,9_62,1
8_63,8_64,1
8_63,9_63,1
8_64,8_65,1
8_64,9_64,1
8_65,8_66,1
8_65,9_65,1
8_66,8_67,1
8_66,9_66,1
8_67,8_68,1
8_67,9_67,1
8_68,8_69,1
8_68,9_68,1
8_69,8_70,1
8_69,9_69,1
8_70,8_71,1
8_70,9_70,1
8_71,8_72,1
8_71,9_71,1
8_72,8_73,1
8_72,9_72,1
8_73,8_74,1
8_73,9_73,1
8_74,8_75,1
8_74,9_74,1
8_75,8_76,1
8_75,9_75,1
8_76,8_77,1
8_76,9_76,1
8_77,8_78,1
8_77,9_77,1
8_78,9_78,1
9_1,9_2,1
9_1,10_1,1
9_2,9_3,1
9_2,10_2,1
9_3,9_4,1
9_3,10_3,1
9_4,9_5,1
9_4,10_4,1
9_5,9_6,1
9_5,10_5,1
9_6,9_7,1
9_6,10_6,1
9_7,9_8,1
9_7,10_7,1
9_8,9_9,1
9_8,10_8,1
9_9,9_10,1
9_9,10_9,1
9_10,9_11,1
9_10,10_10,1
9_11,9_12,1
9_11,10_11,1
9_12,9_13,1
9_12,10_12,1
9_13,9_14,1
9_13,10_13,1
9_14,9_15,1
9_14,10_14,1
9_15,9_16,1
9_15,10_15,1
9_16,9_17,1
9_16,10_16,1
9_17,9_18,1
9_17,10_17,1
9_18,9_19,1
9_18,10_18,1
9_19,10_19,1
9_21,9_22,1
9_21,10_21,1
9_22,9_23,1
9_22,10_22,1
9_23,9_24,1
9_23,10_23,1
9_24,9_25,1
9_24,10_24,1
9_25,10_25,1
9_27,9_28,1
9_27,10_27,1
9_28,9_29,1
9_28,10_28,1
9_29,9_30,1
9_29,10_29,1
9_30,9_31,1
9_30,10_30,1
9_31,9_32,1
9_31,10_31,1
9_32,9_33,1
9_32,10_32,1
9_33,9_34,1
9_33,10_33,1
9_34,9_35,1
9_34,10_34,1
9_35,9_36,1
9_35,10_35,1
9_36,9_37,1
9_36,10_36,1
9_37,9_38,1
9_37,10_37,1
9_38,9_39,1
9_38,10_38,1
9_39,9_40,1
9_39,10_39,1
9_40,9_41,1
9_40,10_40,1
9_41,9_42,1
9_41,10_41,1
9_42,9_43,1
9_42,10_42,1
9_43,9_44,1
9_43,10_43,1
9_44,9_45,1
9_44,10_44,1
9_45,9_46,1
9_45,10_45,1
9_46,9_47,1
9_46,10_46,1
9_47,9_48,1
9_47,10_47,1
9_48,9_49,1
9_48,10_48,1
9_49,9_50,1
9_49,10_49,1
9_50,9_51,1
9_50,10_50,1
9_51,9_52,1
9_51,10_51,1
9_52,9_53,1
9_52,10_52,1
9_53,10_53,1
9_55,9_56,1
9_55,10_55,1
9_56,9_57,1
9_56,10_56,1
9_57,9_58,1
9_57,10_57,1
9_58,10_58,1
9_60,9_61,1
9_60,10_60,1
9_61,9_62,1
9_61,10_61,1
9_62,9_63,1
9_62,10_62,1
9_63,9_64,1
9_63,10_63,1
9_64,9_65,1
9_64,10_64,1
9_65,9_66,1
9_65,10_65,1
9_66,9_67,1
9_66,10_66,1
9_67,9_68,1
9_67,10_67,1
9_68,9_69,1
9_68,10_68,1
9_69,9_70,1
9_69,10_69,1
9_70,9_71,1
9_70,10_70,1
9_71,9_72,1
9_71,10_71,1
9_72,9_73,1
9_72,10_72,1
9_73,9_74,1
9_73,10_73,1
9_74,9_75,1
9_74,10_74,1
9_75,9_76,1
9_75,10_75,1
9_76,9_77,1
9_76,10_76,1
9_77,9_78,1
9_77,10_77,1
9_78,10_78,1
10_1,10_2,1
10_1,11_1,1
10_2,10_3,1
10_2,11_2,1
10_3,10_4,1
10_3,11_3,1
10_4,10_5,1
10_4,11_4,1
10_5,10_6,1
10_5,11_5,1
10_6,10_7,1
10_6,11_6,1
10_7,10_8,1
10_7,11_7,1
10_8,10_9,1
10_8,11_8,1
10_9,10_10,1
10_9,11_9,1
10_10,10_11,1
10_10,11_10,1
10_11,10_12,1
10_11,11_11,1
10_12,10_13,1
10_12,11_12,1
10_13,10_14,1
10_13,11_13,1
10_14,10_15,1
10_14,11_14,1
10_15,10_16,1
10_15,11_15,1
10_16,10_17,1
10_16,11_16,1
10_17,10_18,1
10_17,11_17,1
10_18,10_19,1
10_18,11_18,1
10_19,10_20,1
10_19,11_19,1
10_20,10_21,1
10_20,11_20,1
10_21,10_22,1
10_21,11_21,1
10_22,10_23,1
10_22,11_22,1
10_23,10_24,1
10_23,11_23,1
10_24,10_25,1
10_24,11_24,1
10_25,11_25,1
10_27,10_28,1
10_27,11_27,1
10_28,10_29,1
10_28,11_28,1
10_29,10_30,1
10_29,11_29,1
10_30,10_31,1
10_30,11_30,1
10_31,10_32,1
10_31,11_31,1
10_32,10_33,1
10_32,11_32,1
10_33,10_34,1
10_33,11_33,1
10_34,10_35,1
10_34,11_34,1
10_35,10_36,1
10_35,11_35,1
10_36,10_37,1
10_36,11_36,1
10_37,10_38,1
10_37,11_37,1
10_38,10_39,1
10_38,11_38,1
10_39,10_40,1
10_39,11_39,1
10_40,10_41,1
10_40,11_40,1
10_41,10_42,1
10_41,11_41,1
10_42,10_43,1
10_42,11_42,1
10_43,10_44,1
10_43,11_43,1
10_44,10_45,1
10_44,11_44,1
10_45,10_46,1
10_45,11_45,1
10_46,10_47,1
10_46,11_46,1
10_47,10_48,1
10_47,11_47,1
10_48,10_49,1
10_48,11_48,1
10_49,10_50,1
10_49,11_49,1
10_50,10_51,1
10_50,11_50,1
10_51,10_52,1
10_51,11_51,1
10_52,10_53,1
10_52,11_52,1
10_53,11_53,1
10_55,10_56,1
10_55,11_55,1
10_56,10_57,1
10_56,11_56,1
10_57,10_58,1
10_57,11_57,1
10_58,11_58,1
10_60,10_61,1
10_60,11_60,1
10_61,10_62,1
10_61,11_61,1
10_62,10_63,1
10_62,11_62,1
10_63,10_64,1
10_63,11_63,1
10_64,10_65,1
10_65,10_66,1
10_66,10_67,1
10_67,10_68,1
10_67,11_67,1
10_68,10_69,1
10_68,11_68,1
10_69,10_70,1
10_69,11_69,1
10_70,10_71,1
10_70,11_70,1
10_71,10_72,1
10_71,11_71,1
10_72,10_73,1
10_72,11_72,1
10_73,10_74,1
10_73,11_73,1
10_74,10_75,1
10_74,11_74,1
10_75,10_76,1
10_75,11_75,1
10_76,10_77,1
10_76,11_76,1
10_77,10_78,1
10_77,11_77,1
10_78,11_78,1
11_1,11_2,1
11_1,12_1,1
11_2,11_3,1
11_2,12_2,1
11_3,11_4,1
11_3,12_3,1
11_4,11_5,1
11_4,12_4,1
11_5,11_6,1
11_5,12_5,1
11_6,11_7,1
11_6,12_6,1
11_7,11_8,1
11_7,12_7,1
11_8,11_9,1
11_8,12_8,1
11_9,11_10,1
11_9,12_9,1
11_10,11_11,1
11_10,12_10,1
11_11,11_12,1
11_11,12_11,1
11_12,11_13,1
11_12,12_12,1
11_13,11_14,1
11_13,12_13,1
11_14,11_15,1
11_14,12_14,1
11_15,11_16,1
11_15,12_15,1
11_16,11_17,1
11_16,12_16,1
11_17,11_18,1
11_17,12_17,1
11_18,11_19,1
11_18,12_18,1
11_19,11_20,1
11_19,12_19,1
11_20,11_21,1
11_20,12_20,1
11_21,11_22,1
11_21,12_21,1
11_22,11_23,1
11_22,12_22,1
11_23,11_24,1
11_23,12_23,1
11_24,11_25,1
11_24,12_24,1
11_25,12_25,1
11_27,11_28,1
11_27,12_27,1
11_28,11_29,1
11_28,12_28,1
11_29,11_30,1
11_29,12_29,1
11_30,11_31,1
11_30,12_30,1
11_31,11_32,1
11_31,12_31,1
11_32,11_33,1
11_32,12_32,1
11_33,11_34,1
11_33,12_33,1
11_34,11_35,1
11_34,12_34,1
11_35,11_36,1
11_35,12_35,1
11_36,11_37,1
11_36,12_36,1
11_37,11_38,1
11_37,12_37,1
11_38,11_39,1
11_38,12_38,1
11_39,11_40,1
11_39,12_39,1
11_40,11_41,1
11_40,12_40,1
11_41,11_42,1
11_41,12_41,1
11_42,11_43,1
11_42,12_42,1
11_43,11_44,1
11_43,12_43,1
11_44,11_45,1
11_44,12_44,1
11_45,11_46,1
11_45,12_45,1
11_46,11_47,1
11_46,12_46,1
11_47,11_48,1
11_47,12_47,1
11_48,11_49,1
11_48,12_48,1
11_49,11_50,1
11_49,12_49,1
11_50,11_51,1
11_50,12_50,1
11_51,11_52,1
11_51,12_51,1
11_52,11_53,1
11_52,12_52,1
11_53,12_53,1
11_55,11_56,1
11_55,12_55,1
11_56,11_57,1
11_56,12_56,1
11_57,11_58,1
11_57,12_57,1
11_58,12_58,1
11_60,11_61,1
11_60,12_60,1
11_61,11_62,1
11_61,12_61,1
11_62,11_63,1
11_62,12_62,1
11_63,12_63,1
11_67,11_68,1
11_67,12_67,1
11_68,11_69,1
11_68,12_68,1
11_69,11_70,1
11_69,12_69,1
11_70,11_71,1
11_70,12_70,1
11_71,11_72,1
11_72,11_73,1
11_72,12_72,1
11_73,11_74,1
11_73,12_73,1
11_74,11_75,1
11_74,12_74,1
11_75,11_76,1
11_75,12_75,1
11_76,11_77,1
11_76,12_76,1
11_77,11_78,1
11_77,12_77,1
11_78,12_78,1
12_1,12_2,1
12_1,13_1,1
12_2,12_3,1
12_2,13_2,1
12_3,12_4,1
12_3,13_3,1
12_4,12_5,1
12_4,13_4,1
12_5,12_6,1
12_5,13_5,1
12_6,12_7,1
12_6,13_6,1
12_7,12_8,1
12_7,13_7,1
12_8,12_9,1
12_8,13_8,1
12_9,12_10,1
12_9,13_9,1
12_10,12_11,1
12_10,13_10,1
12_11,12_12,1
12_11,13_11,1
12_12,12_13,1
12_12,13_12,1
12_13,12_14,1
12_13,13_13,1
12_14,12_15,1
12_14,13_14,1
12_15,12_16,1
12_15,13_15,1
12_16,12_17,1
12_16,13_16,1
12_17,12_18,1
12_17,13_17,1
12_18,12_19,1
12_18,13_18,1
12_19,12_20,1
12_19,13_19,1
12_20,12_21,1
12_20,13_20,1
12_21,12_22,1
12_21,13_21,1
12_22,12_23,1
12_22,13_22,1
12_23,12_24,1
12_23,13_23,1
12_24,12_25,1
12_24,13_24,1
12_25,13_25,1
12_27,12_28,1
12_27,13_27,1
12_28,12_29,1
12_28,13_28,1
12_29,12_30,1
12_29,13_29,1
12_30,12_31,1
12_30,13_30,1
12_31,12_32,1
12_31,13_31,1
12_32,12_33,1
12_32,13_32,1
12_33,12_34,1
12_33,13_33,1
12_34,12_35,1
12_34,13_34,1
12_35,12_36,1
12_35,13_35,1
12_36,12_37,1
12_36,13_36,1
12_37,12_38,1
12_37,13_37,1
12_38,12_39,1
12_38,13_38,1
12_39,12_40,1
12_39,13_39,1
12_40,12_41,1
12_40,13_40,1
12_41,12_42,1
12_41,13_41,1
12_42,12_43,1
12_42,13_42,1
12_43,12_44,1
12_43,13_43,1
12_44,12_45,1
12_44,13_44,1
12_45,12_46,1
12_45,13_45,1
12_46,12_47,1
12_46,13_46,1
12_47,12_48,1
12_47,13_47,1
12_48,12_49,1
12_48,13_48,1
12_49,12_50,1
12_49,13_49,1
12_50,12_51,1
12_50,13_50,1
12_51,12_52,1
12_51,13_51,1
12_52,12_53,1
12_52,13_52,1
12_53,13_53,1
12_55,12_56,1
12_55,13_55,1
12_56,12_57,1
12_56,13_56,1
12_57,12_58,1
12_57,13_57,1
12_58,12_59,1
12_58,13_58,1
12_59,12_60,1
12_59,13_59,1
12_60,12_61,1
12_60,13_60,1
12_61,12_62,1
12_61,13_61,1
12_62,12_63,1
12_62,13_62,1
12_63,13_63,1
12_65,12_66,1
12_65,13_65,1
12_66,12_67,1
12_66,13_66,1
12_67,12_68,1
12_67,13_67,1
12_68,12_69,1
12_68,13_68,1
12_69,12_70,1
12_69,13_69,1
12_70,13_70,1
12_72,12_73,1
12_72,13_72,1
12_73,12_74,1
12_73,13_73,1
12_74,12_75,1
12_74,13_74,1
12_75,12_76,1
12_75,13_75,1
12_76,12_77,1
12_76,13_76,1
12_77,12_78,1
12_77,13_77,1
12_78,13_78,1
13_1,13_2,1
13_1,14_1,1
13_2,13_3,1
13_2,14_2,1
13_3,13_4,1
13_3,14_3,1
13_4,13_5,1
13_4,14_4,1
13_5,13_6,1
13_5,14_5,1
13_6,13_7,1
13_6,14_6,1
13_7,13_8,1
13_7,14_7,1
13_8,13_9,1
13_8,14_8,1
13_9,13_10,1
13_9,14_9,1
13_10,13_11,1
13_10,14_10,1
13_11,13_12,1
13_11,14_11,1
13_12,13_13,1
13_12,14_12,1
13_13,13_14,1
13_13,14_13,1
13_14,13_15,1
13_14,14_14,1
13_15,13_16,1
13_15,14_15,1
13_16,13_17,1
13_16,14_16,1
13_17,13_18,1
13_17,14_17,1
13_18,13_19,1
13_18,14_18,1
13_19,13_20,1
13_19,14_19,1
13_20,13_21,1
13_20,14_20,1
13_21,13_22,1
13_21,14_21,1
13_22,13_23,1
13_22,14_22,1
13_23,13_24,1
13_23,14_23,1
13_24,13_25,1
13_24,14_24,1
13_25,14_25,1
13_27,13_28,1
13_27,14_27,1
13_28,13_29,1
13_28,14_28,1
13_29,13_30,1
13_29,14_29,1
13_30,13_31,1
13_30,14_30,1
13_31,13_32,1
13_31,14_31,1
13_32,13_33,1
13_32,14_32,1
13_33,13_34,1
13_33,14_33,1
13_34,13_35,1
13_34,14_34,1
13_35,13_36,1
13_35,14_35,1
13_36,13_37,1
13_36,14_36,1
13_37,13_38,1
13_37,14_37,1
13_38,13_39,1
13_38,14_38,1
13_39,13_40,1
13_39,14_39,1
13_40,13_41,1
13_40,14_40,1
13_41,13_42,1
13_41,14_41,1
13_42,13_43,1
13_42,14_42,1
13_43,13_44,1
13_43,14_43,1
13_44,13_45,1
13_44,14_44,1
13_45,13_46,1
13_45,14_45,1
13_46,13_47,1
13_46,14_46,1
13_47,13_48,1
13_47,14_47,1
13_48,13_49,1
13_48,14_48,1
13_49,13_50,1
13_49,14_49,1
13_50,13_51,1
13_50,14_50,1
13_51,13_52,1
13_51,14_51,1
13_52,13_53,1
13_52,14_52,1
13_53,14_53,1
13_55,13_56,1
13_55,14_55,1
13_56,13_57,1
13_56,14_56,1
13_57,13_58,1
13_57,14_57,1
13_58,13_59,1
13_58,14_58,1
13_59,13_60,1
13_59,14_59,1
13_60,13_61,1
13_60,14_60,1
13_61,13_62,1
13_61,14_61,1
13_62,13_63,1
13_62,14_62,1
13_63,14_63,1
13_65,13_66,1
13_65,14_65,1
13_66,13_67,1
13_66,14_66,1
13_67,13_68,1
13_67,14_67,1
13_68,13_69,1
13_68,14_68,1
13_69,13_70,1
13_69,14_69,1
13_70,14_70,1
13_72,13_73,1
13_72,14_72,1
13_73,13_74,1
13_73,14_73,1
13_74,13_75,1
13_74,14_74,1
13_75,13_76,1
13_75,14_75,1
13_76,13_77,1
13_76,14_76,1
13_77,13_78,1
13_77,14_77,1
13_78,14_78,1
14_1,14_2,1
14_1,15_1,1
14_2,14_3,1
14_2,15_2,1
14_3,14_4,1
14_3,15_3,1
14_4,14_5,1
14_4,15_4,1
14_5,14_6,1
14_5,15_5,1
14_6,14_7,1
14_6,15_6,1
14_7,14_8,1
14_7,15_7,1
14_8,14_9,1
14_8,15_8,1
14_9,14_10,1
14_9,15_9,1
14_10,14_11,1
14_10,15_10,1
14_11,14_12,1
14_11,15_11,1
14_12,14_13,1
14_12,15_12,1
14_13,14_14,1
14_13,15_13,1
14_14,14_15,1
14_14,15_14,1
14_15,14_16,1
14_15,15_15,1
14_16,14_17,1
14_16,15_16,1
14_17,14_18,1
14_17,15_17,1
14_18,14_19,1
14_18,15_18,1
14_19,14_20,1
14_19,15_19,1
14_20,14_21,1
14_20,15_20,1
14_21,14_22,1
14_21,15_21,1
14_22,14_23,1
14_22,15_22,1
14_23,14_24,1
14_23,15_23,1
14_24,14_25,1
14_24,15_24,1
14_25,15_25,1
14_27,14_28,1
14_27,15_27,1
14_28,14_29,1
14_28,15_28,1
14_29,14_30,1
14_29,15_29,1
14_30,14_31,1
14_30,15_30,1
14_31,14_32,1
14_31,15_31,1
14_32,14_33,1
14_32,15_32,1
14_33,14_34,1
14_33,15_33,1
14_34,14_35,1
14_34,15_34,1
14_35,14_36,1
14_35,15_35,1
14_36,14_37,1
14_36,15_36,1
14_37,14_38,1
14_37,15_37,1
14_38,14_39,1
14_38,15_38,1
14_39,14_40,1
14_39,15_39,1
14_40,14_41,1
14_40,15_40,1
14_41,14_42,1
14_41,15_41,1
14_42,14_43,1
14_42,15_42,1
14_43,14_44,1
14_43,15_43,1
14_44,14_45,1
14_44,15_44,1
14_45,14_46,1
14_45,15_45,1
14_46,14_47,1
14_46,15_46,1
14_47,14_48,1
14_47,15_47,1
14_48,14_49,1
14_48,15_48,1
14_49,14_50,1
14_49,15_49,1
14_50,14_51,1
14_50,15_50,1
14_51,14_52,1
14_51,15_51,1
14_52,14_53,1
14_52,15_52,1
14_53,15_53,1
14_55,14_56,1
14_55,15_55,1
14_56,14_57,1
14_56,15_56,1
14_57,14_58,1
14_57,15_57,1
14_58,14_59,1
14_58,15_58,1
14_59,14_60,1
14_59,15_59,1
14_60,14_61,1
14_60,15_60,1
14_61,14_62,1
14_61,15_61,1
14_62,14_63,1
14_62,15_62,1
14_63,15_63,1
14_65,14_66,1
14_65,15_65,1
14_66,14_67,1
14_66,15_66,1
14_67,14_68,1
14_67,15_67,1
14_68,14_69,1
14_68,15_68,1
14_69,14_70,1
14_69,15_69,1
14_70,15_70,1
14_72,14_73,1
14_72,15_72,1
14_73,14_74,1
14_73,15_73,1
14_74,14_75,1
14_74,15_74,1
14_75,14_76,1
14_75,15_75,1
14_76,14_77,1
14_76,15_76,1
14_77,14_78,1
14_77,15_77,1
14_78,15_78,1
15_1,15_2,1
15_1,16_1,1
15_2,15_3,1
15_2,16_2,1
15_3,15_4,1
15_3,16_3,1
15_4,15_5,1
15_4,16_4,1
15_5,15_6,1
15_5,16_5,1
15_6,15_7,1
15_6,16_6,1
15_7,15_8,1
15_7,16_7,1
15_8,15_9,1
15_8,16_8,1
15_9,15_10,1
15_9,16_9,1
15_10,15_11,1
15_10,16_10,1
15_11,15_12,1
15_12,15_13,1
15_13,15_14,1
15_14,15_15,1
15_15,15_16,1
15_16,15_17,1
15_16,16_16,1
15_17,15_18,1
15_17,16_17,1
15_18,15_19,1
15_18,16_18,1
15_19,15_20,1
15_19,16_19,1
15_20,15_21,1
15_20,16_20,1
15_21,15_22,1
15_21,16_21,1
15_22,15_23,1
15_22,16_22,1
15_23,15_24,1
15_23,16_23,1
15_24,15_25,1
15_24,16_24,1
15_25,16_25,1
15_27,15_28,1
15_27,16_27,1
15_28,15_29,1
15_28,16_28,1
15_29,15_30,1
15_29,16_29,1
15_30,15_31,1
15_30,16_30,1
15_31,15_32,1
15_31,16_31,1
15_32,15_33,1
15_32,16_32,1
15_33,15_34,1
15_33,16_33,1
15_34,15_35,1
15_34,16_34,1
15_35,15_36,1
15_35,16_35,1
15_36,15_37,1
15_36,16_36,1
15_37,15_38,1
15_37,16_37,1
15_38,15_39,1
15_38,16_38,1
15_39,15_40,1
15_39,16_39,1
15_40,15_41,1
15_40,16_40,1
15_41,15_42,1
15_41,16_41,1
15_42,15_43,1
15_42,16_42,1
15_43,15_44,1
15_43,16_43,1
15_44,15_45,1
15_44,16_44,1
15_45,15_46,1
15_45,16_45,1
15_46,15_47,1
15_46,16_46,1
15_47,15_48,1
15_47,16_47,1
15_48,15_49,1
15_48,16_48,1
15_49,15_50,1
15_49,16_49,1
15_50,15_51,1
15_50,16_50,1
15_51,15_52,1
15_51,16_51,1
15_52,15_53,1
15_52,16_52,1
15_53,16_53,1
15_55,15_56,1
15_55,16_55,1
15_56,15_57,1
15_56,16_56,1
15_57,15_58,1
15_57,16_57,1
15_58,15_59,1
15_58,16_58,1
15_59,15_60,1
15_59,16_59,1
15_60,15_61,1
15_60,16_60,1
15_61,15_62,1
15_61,16_61,1
15_62,15_63,1
15_62,16_62,1
15_63,15_64,1
15_63,16_63,1
15_64,15_65,1
15_64,16_64,1
15_65,15_66,1
15_65,16_65,1
15_66,15_67,1
15_66,16_66,1
15_67,15_68,1
15_67,16_67,1
15_68,15_69,1
15_68,16_68,1
15_69,15_70,1
15_69,16_69,1
15_70,16_70,1
15_72,15_73,1
15_72,16_72,1
15_73,15_74,1
15_73,16_73,1
15_74,15_75,1
15_74,16_74,1
15_75,15_76,1
15_75,16_75,1
15_76,15_77,1
15_76,16_76,1
15_77,15_78,1
15_77,16_77,1
15_78,16_78,1
16_1,16_2,1
16_1,17_1,1
16_2,16_3,1
16_2,17_2,1
16_3,16_4,1
16_3,17_3,1
16_4,16_5,1
16_4,17_4,1
16_5,16_6,1
16_5,17_5,1
16_6,16_7,1
16_6,17_6,1
16_7,16_8,1
16_7,17_7,1
16_8,16_9,1
16_8,17_8,1
16_9,16_10,1
16_9,17_9,1
16_10,17_10,1
16_16,16_17,1
16_16,17_16,1
16_17,16_18,1
16_17,17_17,1
16_18,16_19,1
16_18,17_18,1
16_19,16_20,1
16_19,17_19,1
16_20,16_21,1
16_20,17_20,1
16_21,16_22,1
16_21,17_21,1
16_22,16_23,1
16_22,17_22,1
16_23,16_24,1
16_23,17_23,1
16_24,16_25,1
16_24,17_24,1
16_25,17_25,1
16_27,16_28,1
16_27,17_27,1
16_28,16_29,1
16_28,17_28,1
16_29,16_30,1
16_29,17_29,1
16_30,16_31,1
16_30,17_30,1
16_31,16_32,1
16_31,17_31,1
16_32,16_33,1
16_32,17_32,1
16_33,16_34,1
16_34,16_35,1
16_35,16_36,1
16_36,16_37,1
16_36,17_36,1
16_37,16_38,1
16_37,17_37,1
16_38,16_39,1
16_38,17_38,1
16_39,16_40,1
16_39,17_39,1
16_40,16_41,1
16_40,17_40,1
16_41,16_42,1
16_41,17_41,1
16_42,16_43,1
16_42,17_42,1
16_43,16_44,1
16_43,17_43,1
16_44,16_45,1
16_44,17_44,1
16_45,16_46,1
16_45,17_45,1
16_46,16_47,1
16_46,17_46,1
16_47,16_48,1
16_47,17_47,1
16_48,16_49,1
16_48,17_48,1
16_49,16_50,1
16_50,16_51,1
16_51,16_52,1
16_52,16_53,1
16_55,16_56,1
16_55,17_55,1
16_56,16_57,1
16_56,17_56,1
16_57,16_58,1
16_57,17_57,1
16_58,16_59,1
16_58,17_58,1
16_59,16_60,1
16_59,17_59,1
16_60,16_61,1
16_61,16_62,1
16_61,17_61,1
16_62,16_63,1
16_62,17_62,1
16_63,16_64,1
16_63,17_63,1
16_64,16_65,1
16_64,17_64,1
16_65,16_66,1
16_65,17_65,1
16_66,16_67,1
16_66,17_66,1
16_67,16_68,1
16_67,17_67,1
16_68,16_69,1
16_68,17_68,1
16_69,16_70,1
16_69,17_69,1
16_70,17_70,1
16_72,16_73,1
16_72,17_72,1
16_73,16_74,1
16_73,17_73,1
16_74,16_75,1
16_74,17_74,1
16_75,16_76,1
16_75,17_75,1
16_76,16_77,1
16_76,17_76,1
16_77,16_78,1
16_77,17_77,1
16_78,17_78,1
17_1,17_2,1
17_1,18_1,1
17_2,17_3,1
17_2,18_2,1
17_3,17_4,1
17_3,18_3,1
17_4,17_5,1
17_4,18_4,1
17_5,17_6,1
17_5,18_5,1
17_6,17_7,1
17_6,18_6,1
17_7,17_8,1
17_7,18_7,1
17_8,17_9,1
17_8,18_8,1
17_9,17_10,1
17_9,18_9,1
17_10,17_11,1
17_10,18_10,1
17_11,17_12,1
17_11,18_11,1
17_12,17_13,1
17_12,18_12,1
17_13,17_14,1
17_13,18_13,1
17_14,17_15,1
17_14,18_14,1
17_15,17_16,1
17_15,18_15,1
17_16,17_17,1
17_16,18_16,1
17_17,17_18,1
17_17,18_17,1
17_18,17_19,1
17_18,18_18,1
17_19,17_20,1
17_19,18_19,1
17_20,17_21,1
17_20,18_20,1
17_21,17_22,1
17_21,18_21,1
17_22,17_23,1
17_22,18_22,1
17_23,17_24,1
17_23,18_23,1
17_24,17_25,1
17_24,18_24,1
17_25,18_25,1
17_27,17_28,1
17_27,18_27,1
17_28,17_29,1
17_28,18_28,1
17_29,17_30,1
17_29,18_29,1
17_30,17_31,1
17_30,18_30,1
17_31,17_32,1
17_31,18_31,1
17_32,18_32,1
17_36,17_37,1
17_36,18_36,1
17_37,17_38,1
17_37,18_37,1
17_38,17_39,1
17_38,18_38,1
17_39,17_40,1
17_39,18_39,1
17_40,17_41,1
17_40,18_40,1
17_41,17_42,1
17_41,18_41,1
17_42,17_43,1
17_42,18_42,1
17_43,17_44,1
17_43,18_43,1
17_44,17_45,1
17_44,18_44,1
17_45,17_46,1
17_45,18_45,1
17_46,17_47,1
17_46,18_46,1
17_47,17_48,1
17_47,18_47,1
17_48,18_48,1
17_55,17_56,1
17_55,18_55,1
17_56,17_57,1
17_56,18_56,1
17_57,17_58,1
17_57,18_57,1
17_58,17_59,1
17_58,18_58,1
17_59,18_59,1
17_61,17_62,1
17_61,18_61,1
17_62,17_63,1
17_62,18_62,1
17_63,17_64,1
17_63,18_63,1
17_64,17_65,1
17_64,18_64,1
17_65,17_66,1
17_65,18_65,1
17_66,17_67,1
17_66,18_66,1
17_67,17_68,1
17_67,18_67,1
17_68,17_69,1
17_68,18_68,1
17_69,17_70,1
17_69,18_69,1
17_70,18_70,1
17_72,17_73,1
17_72,18_72,1
17_73,17_74,1
17_73,18_73,1
17_74,17_75,1
17_74,18_74,1
17_75,17_76,1
17_75,18_75,1
17_76,17_77,1
17_76,18_76,1
17_77,17_78,1
17_77,18_77,1
17_78,18_78,1
18_1,18_2,1
18_1,19_1,1
18_2,18_3,1
18_2,19_2,1
18_3,18_4,1
18_3,19_3,1
18_4,18_5,1
18_4,19_4,1
18_5,18_6,1
18_5,19_5,1
18_6,18_7,1
18_6,19_6,1
18_7,18_8,1
18_7,19_7,1
18_8,18_9,1
18_8,19_8,1
18_9,18_10,1
18_9,19_9,1
18_10,18_11,1
18_10,19_10,1
18_11,18_12,1
18_11,19_11,1
18_12,18_13,1
18_12,19_12,1
18_13,18_14,1
18_13,19_13,1
18_14,18_15,1
18_14,19_14,1
18_15,18_16,1
18_15,19_15,1
18_16,18_17,1
18_16,19_16,1
18_17,18_18,1
18_17,19_17,1
18_18,18_19,1
18_18,19_18,1
18_19,18_20,1
18_19,19_19,1
18_20,18_21,1
18_20,19_20,1
18_21,18_22,1
18_21,19_21,1
18_22,18_23,1
18_22,19_22,1
18_23,18_24,1
18_23,19_23,1
18_24,18_25,1
18_24,19_24,1
18_25,18_26,1
18_25,19_25,1
18_26,18_27,1
18_26,19_26,1
18_27,18_28,1
18_27,19_27,1
18_28,18_29,1
18_28,19_28,1
18_29,18_30,1
18_29,19_29,1
18_30,18_31,1
18_30,19_30,1
18_31,18_32,1
18_31,19_31,1
18_32,19_32,1
18_34,18_35,1
18_34,19_34,1
18_35,18_36,1
18_35,19_35,1
18_36,18_37,1
18_36,19_36,1
18_37,18_38,1
18_37,19_37,1
18_38,18_39,1
18_38,19_38,1
18_39,18_40,1
18_39,19_39,1
18_40,18_41,1
18_40,19_40,1
18_41,18_42,1
18_41,19_41,1
18_42,18_43,1
18_42,19_42,1
18_43,18_44,1
18_43,19_43,1
18_44,18_45,1
18_44,19_44,1
18_45,18_46,1
18_45,19_45,1
18_46,18_47,1
18_46,19_46,1
18_47,18_48,1
18_47,19_47,1
18_48,19_48,1
18_50,18_51,1
18_50,19_50,1
18_51,18_52,1
18_51,19_51,1
18_52,18_53,1
18_52,19_52,1
18_53,18_54,1
18_53,19_53,1
18_54,18_55,1
18_54,19_54,1
18_55,18_56,1
18_55,19_55,1
18_56,18_57,1
18_56,19_56,1
18_57,18_58,1
18_57,19_57,1
18_58,18_59,1
18_58,19_58,1
18_59,19_59,1
18_61,18_62,1
18_61,19_61,1
18_62,18_63,1
18_62,19_62,1
18_63,18_64,1
18_63,19_63,1
18_64,18_65,1
18_64,19_64,1
18_65,18_66,1
18_65,19_65,1
18_66,18_67,1
18_66,19_66,1
18_67,18_68,1
18_67,19_67,1
18_68,18_69,1
18_68,19_68,1
18_69,18_70,1
18_69,19_69,1
18_70,19_70,1
18_72,18_73,1
18_72,19_72,1
18_73,18_74,1
18_73,19_73,1
18_74,18_75,1
18_74,19_74,1
18_75,18_76,1
18_75,19_75,1
18_76,18_77,1
18_76,19_76,1
18_77,18_78,1
18_77,19_77,1
18_78,19_78,1
19_1,19_2,1
19_1,20_1,1
19_2,19_3,1
19_2,20_2,1
19_3,19_4,1
19_3,20_3,1
19_4,19_5,1
19_4,20_4,1
19_5,19_6,1
19_5,20_5,1
19_6,19_7,1
19_6,20_6,1
19_7,19_8,1
19_7,20_7,1
19_8,19_9,1
19_8,20_8,1
19_9,19_10,1
19_9,20_9,1
19_10,19_11,1
19_10,20_10,1
19_11,19_12,1
19_11,20_11,1
19_12,19_13,1
19_12,20_12,1
19_13,19_14,1
19_13,20_13,1
19_14,19_15,1
19_14,20_14,1
19_15,19_16,1
19_16,19_17,1
19_16,20_16,1
19_17,19_18,1
19_17,20_17,1
19_18,19_19,1
19_18,20_18,1
19_19,19_20,1
19_19,20_19,1
19_20,19_21,1
19_20,20_20,1
19_21,19_22,1
19_21,20_21,1
19_22,19_23,1
19_22,20_22,1
19_23,19_24,1
19_23,20_23,1
19_24,19_25,1
19_24,20_24,1
19_25,19_26,1
19_25,20_25,1
19_26,19_27,1
19_26,20_26,1
19_27,19_28,1
19_27,20_27,1
19_28,19_29,1
19_28,20_28,1
19_29,19_30,1
19_29,20_29,1
19_30,19_31,1
19_30,20_30,1
19_31,19_32,1
19_31,20_31,1
19_32,20_32,1
19_34,19_35,1
19_34,20_34,1
19_35,19_36,1
19_35,20_35,1
19_36,19_37,1
19_36,20_36,1
19_37,19_38,1
19_37,20_37,1
19_38,19_39,1
19_38,20_38,1
19_39,19_40,1
19_39,20_39,1
19_40,19_41,1
19_40,20_40,1
19_41,19_42,1
19_41,20_41,1
19_42,19_43,1
19_42,20_42,1
19_43,19_44,1
19_43,20_43,1
19_44,19_45,1
19_44,20_44,1
19_45,19_46,1
19_45,20_45,1
19_46,19_47,1
19_46,20_46,1
19_47,19_48,1
19_47,20_47,1
19_48,20_48,1
19_50,19_51,1
19_50,20_50,1
19_51,19_52,1
19_51,20_51,1
19_52,19_53,1
19_52,20_52,1
19_53,19_54,1
19_53,20_53,1
19_54,19_55,1
19_54,20_54,1
19_55,19_56,1
19_55,20_55,1
19_56,19_57,1
19_56,20_56,1
19_57,19_58,1
19_57,20_57,1
19_58,19_59,1
19_58,20_58,1
19_59,20_59,1
19_61,19_62,1
19_61,20_61,1
19_62,19_63,1
19_62,20_62,1
19_63,19_64,1
19_63,20_63,1
19_64,19_65,1
19_64,20_64,1
19_65,19_66,1
19_65,20_65,1
19_66,19_67,1
19_66,20_66,1
19_67,19_68,1
19_67,20_67,1
19_68,19_69,1
19_68,20_68,1
19_69,19_70,1
19_69,20_69,1
19_70,19_71,1
19_70,20_70,1
19_71,19_72,1
19_71,20_71,1
19_72,19_73,1
19_72,20_72,1
19_73,19_74,1
19_73,20_73,1
19_74,19_75,1
19_74,20_74,1
19_75,19_76,1
19_75,20_75,1
19_76,19_77,1
19_76,20_76,1
19_77,19_78,1
19_77,20_77,1
19_78,20_78,1
20_1,20_2,1
20_1,21_1,1
20_2,20_3,1
20_2,21_2,1
20_3,20_4,1
20_3,21_3,1
20_4,20_5,1
20_4,21_4,1
20_5,20_6,1
20_5,21_5,1
20_6,20_7,1
20_6,21_6,1
20_7,20_8,1
20_7,21_7,1
20_8,20_9,1
20_8,21_8,1
20_9,20_10,1
20_9,21_9,1
20_10,20_11,1
20_10,21_10,1
20_11,20_12,1
20_11,21_11,1
20_12,20_13,1
20_12,21_12,1
20_13,20_14,1
20_13,21_13,1
20_14,21_14,1
20_16,20_17,1
20_16,21_16,1
20_17,20_18,1
20_17,21_17,1
20_18,20_19,1
20_18,21_18,1
20_19,20_20,1
20_19,21_19,1
20_20,20_21,1
20_20,21_20,1
20_21,20_22,1
20_21,21_21,1
20_22,20_23,1
20_22,21_22,1
20_23,20_24,1
20_23,21_23,1
20_24,20_25,1
20_24,21_24,1
20_25,20_26,1
20_25,21_25,1
20_26,20_27,1
20_26,21_26,1
20_27,20_28,1
20_27,21_27,1
20_28,20_29,1
20_28,21_28,1
20_29,20_30,1
20_29,21_29,1
20_30,20_31,1
20_30,21_30,1
20_31,20_32,1
20_31,21_31,1
20_32,20_33,1
20_32,21_32,1
20_33,20_34,1
20_33,21_33,1
20_34,20_35,1
20_34,21_34,1
20_35,20_36,1
20_36,20_37,1
20_36,21_36,1
20_37,20_38,1
20_37,21_37,1
20_38,20_39,1
20_38,21_38,1
20_39,20_40,1
20_39,21_39,1
20_40,20_41,1
20_40,21_40,1
20_41,20_42,1
20_41,21_41,1
20_42,20_43,1
20_42,21_42,1
20_43,20_44,1
20_43,21_43,1
20_44,20_45,1
20_44,21_44,1
20_45,20_46,1
20_45,21_45,1
20_46,20_47,1
20_46,21_46,1
20_47,20_48,1
20_47,21_47,1
20_48,21_48,1
20_50,20_51,1
20_50,21_50,1
20_51,20_52,1
20_51,21_51,1
20_52,20_53,1
20_52,21_52,1
20_53,20_54,1
20_53,21_53,1
20_54,20_55,1
20_54,21_54,1
20_55,20_56,1
20_55,21_55,1
20_56,20_57,1
20_56,21_56,1
20_57,20_58,1
20_57,21_57,1
20_58,20_59,1
20_58,21_58,1
20_59,21_59,1
20_61,20_62,1
20_61,21_61,1
20_62,20_63,1
20_62,21_62,1
20_63,20_64,1
20_63,21_63,1
20_64,20_65,1
20_64,21_64,1
20_65,20_66,1
20_65,21_65,1
20_66,20_67,1
20_66,21_66,1
20_67,20_68,1
20_67,21_67,1
20_68,20_69,1
20_68,21_68,1
20_69,20_70,1
20_69,21_69,1
20_70,20_71,1
20_70,21_70,1
20_71,20_72,1
20_71,21_71,1
20_72,20_73,1
20_72,21_72,1
20_73,20_74,1
20_73,21_73,1
20_74,20_75,1
20_74,21_74,1
20_75,20_76,1
20_75,21_75,1
20_76,20_77,1
20_76,21_76,1
20_77,20_78,1
20_77,21_77,1
20_78,21_78,1
21_1,21_2,1
21_1,22_1,1
21_2,21_3,1
21_2,22_2,1
21_3,21_4,1
21_3,22_3,1
21_4,21_5,1
21_4,22_4,1
21_5,21_6,1
21_5,22_5,1
21_6,21_7,1
21_6,22_6,1
21_7,21_8,1
21_7,22_7,1
21_8,21_9,1
21_8,22_8,1
21_9,21_10,1
21_9,22_9,1
21_10,21_11,1
21_10,22_10,1
21_11,21_12,1
21_11,22_11,1
21_12,21_13,1
21_12,22_12,1
21_13,21_14,1
21_13,22_13,1
21_14,22_14,1
21_16,21_17,1
21_16,22_16,1
21_17,21_18,1
21_17,22_17,1
21_18,21_19,1
21_18,22_18,1
21_19,21_20,1
21_19,22_19,1
21_20,21_21,1
21_20,22_20,1
21_21,21_22,1
21_21,22_21,1
21_22,21_23,1
21_22,22_22,1
21_23,21_24,1
21_23,22_23,1
21_24,21_25,1
21_24,22_24,1
21_25,21_26,1
21_25,22_25,1
21_26,21_27,1
21_26,22_26,1
21_27,21_28,1
21_27,22_27,1
21_28,21_29,1
21_28,22_28,1
21_29,21_30,1
21_29,22_29,1
21_30,21_31,1
21_30,22_30,1
21_31,21_32,1
21_31,22_31,1
21_32,21_33,1
21_32,22_32,1
21_33,21_34,1
21_33,22_33,1
21_34,22_34,1
21_36,21_37,1
21_36,22_36,1
21_37,21_38,1
21_37,22_37,1
21_38,21_39,1
21_38,22_38,1
21_39,21_40,1
21_39,22_39,1
21_40,21_41,1
21_40,22_40,1
21_41,21_42,1
21_41,22_41,1
21_42,21_43,1
21_42,22_42,1
21_43,21_44,1
21_43,22_43,1
21_44,21_45,1
21_44,22_44,1
21_45,21_46,1
21_45,22_45,1
21_46,21_47,1
21_46,22_46,1
21_47,21_48,1
21_47,22_47,1
21_48,22_48,1
21_50,21_51,1
21_50,22_50,1
21_51,21_52,1
21_51,22_51,1
21_52,21_53,1
21_52,22_52,1
21_53,21_54,1
21_53,22_53,1
21_54,21_55,1
21_54,22_54,1
21_55,21_56,1
21_55,22_55,1
21_56,21_57,1
21_56,22_56,1
21_57,21_58,1
21_57,22_57,1
21_58,21_59,1
21_58,22_58,1
21_59,22_59,1
21_61,21_62,1
21_61,22_61,1
21_62,21_63,1
21_62,22_62,1
21_63,21_64,1
21_63,22_63,1
21_64,21_65,1
21_64,22_64,1
21_65,21_66,1
21_65,22_65,1
21_66,21_67,1
21_66,22_66,1
21_67,21_68,1
21_67,22_67,1
21_68,21_69,1
21_68,22_68,1
21_69,21_70,1
21_69,22_69,1
21_70,21_71,1
21_70,22_70,1
21_71,21_72,1
21_71,22_71,1
21_72,21_73,1
21_72,22_72,1
21_73,21_74,1
21_73,22_73,1
21_74,21_75,1
21_75,21_76,1
21_76,21_77,1
21_77,21_78,1
22_1,22_2,1
22_1,23_1,1
22_2,22_3,1
22_2,23_2,1
22_3,22_4,1
22_3,23_3,1
22_4,22_5,1
22_4,23_4,1
22_5,22_6,1
22_5,23_5,1
22_6,22_7,1
22_6,23_6,1
22_7,22_8,1
22_7,23_7,1
22_8,22_9,1
22_8,23_8,1
22_9,22_10,1
22_9,23_9,1
22_10,22_11,1
22_10,23_10,1
22_11,22_12,1
22_11,23_11,1
22_12,22_13,1
22_12,23_12,1
22_13,22_14,1
22_13,23_13,1
22_14,23_14,1
22_16,22_17,1
22_16,23_16,1
22_17,22_18,1
22_17,23_17,1
22_18,22_19,1
22_18,23_18,1
22_19,22_20,1
22_19,23_19,1
22_20,22_21,1
22_20,23_20,1
22_21,22_22,1
22_21,23_21,1
22_22,22_23,1
22_22,23_22,1
22_23,22_24,1
22_23,23_23,1
22_24,22_25,1
22_24,23_24,1
22_25,22_26,1
22_25,23_25,1
22_26,22_27,1
22_26,23_26,1
22_27,22_28,1
22_27,23_27,1
22_28,22_29,1
22_28,23_28,1
22_29,22_30,1
22_29,23_29,1
22_30,22_31,1
22_30,23_30,1
22_31,22_32,1
22_31,23_31,1
22_32,22_33,1
22_32,23_32,1
22_33,22_34,1
22_33,23_33,1
22_34,23_34,1
22_36,22_37,1
22_36,23_36,1
22_37,22_38,1
22_37,23_37,1
22_38,22_39,1
22_38,23_38,1
22_39,22_40,1
22_39,23_39,1
22_40,22_41,1
22_40,23_40,1
22_41,22_42,1
22_41,23_41,1
22_42,22_43,1
22_42,23_42,1
22_43,22_44,1
22_43,23_43,1
22_44,22_45,1
22_44,23_44,1
22_45,22_46,1
22_45,23_45,1
22_46,22_47,1
22_46,23_46,1
22_47,22_48,1
22_47,23_47,1
22_48,23_48,1
22_50,22_51,1
22_50,23_50,1
22_51,22_52,1
22_51,23_51,1
22_52,22_53,1
22_52,23_52,1
22_53,22_54,1
22_53,23_53,1
22_54,22_55,1
22_54,23_54,1
22_55,22_56,1
22_55,23_55,1
22_56,22_57,1
22_56,23_56,1
22_57,22_58,1
22_57,23_57,1
22_58,22_59,1
22_58,23_58,1
22_59,23_59,1
22_61,22_62,1
22_61,23_61,1
22_62,22_63,1
22_62,23_62,1
22_63,22_64,1
22_63,23_63,1
22_64,22_65,1
22_64,23_64,1
22_65,22_66,1
22_65,23_65,1
22_66,22_67,1
22_66,23_66,1
22_67,22_68,1
22_67,23_67,1
22_68,22_69,1
22_68,23_68,1
22_69,22_70,1
22_69,23_69,1
22_70,22_71,1
22_70,23_70,1
22_71,22_72,1
22_71,23_71,1
22_72,22_73,1
22_72,23_72,1
22_73,23_73,1
23_1,23_2,1
23_1,24_1,1
23_2,23_3,1
23_2,24_2,1
23_3,23_4,1
23_3,24_3,1
23_4,23_5,1
23_4,24_4,1
23_5,23_6,1
23_5,24_5,1
23_6,23_7,1
23_6,24_6,1
23_7,23_8,1
23_7,24_7,1
23_8,23_9,1
23_8,24_8,1
23_9,23_10,1
23_9,24_9,1
23_10,23_11,1
23_10,24_10,1
23_11,23_12,1
23_11,24_11,1
23_12,23_13,1
23_12,24_12,1
23_13,23_14,1
23_13,24_13,1
23_14,24_14,1
23_16,23_17,1
23_16,24_16,1
23_17,23_18,1
23_17,24_17,1
23_18,23_19,1
23_18,24_18,1
23_19,23_20,1
23_19,24_19,1
23_20,23_21,1
23_20,24_20,1
23_21,23_22,1
23_21,24_21,1
23_22,23_23,1
23_22,24_22,1
23_23,23_24,1
23_23,24_23,1
23_24,23_25,1
23_24,24_24,1
23_25,23_26,1
23_25,24_25,1
23_26,23_27,1
23_26,24_26,1
23_27,23_28,1
23_27,24_27,1
23_28,23_29,1
23_28,24_28,1
23_29,23_30,1
23_29,24_29,1
23_30,23_31,1
23_30,24_30,1
23_31,23_32,1
23_31,24_31,1
23_32,23_33,1
23_32,24_32,1
23_33,23_34,1
23_33,24_33,1
23_34,24_34,1
23_36,23_37,1
23_36,24_36,1
23_37,23_38,1
23_37,24_37,1
23_38,23_39,1
23_38,24_38,1
23_39,23_40,1
23_39,24_39,1
23_40,23_41,1
23_40,24_40,1
23_41,23_42,1
23_41,24_41,1
23_42,23_43,1
23_42,24_42,1
23_43,23_44,1
23_43,24_43,1
23_44,23_45,1
23_44,24_44,1
23_45,23_46,1
23_45,24_45,1
23_46,23_47,1
23_46,24_46,1
23_47,23_48,1
23_47,24_47,1
23_48,23_49,1
23_48,24_48,1
23_49,23_50,1
23_49,24_49,1
23_50,23_51,1
23_50,24_50,1
23_51,23_52,1
23_51,24_51,1
23_52,23_53,1
23_52,24_52,1
23_53,23_54,1
23_53,24_53,1
23_54,23_55,1
23_54,24_54,1
23_55,23_56,1
23_55,24_55,1
23_56,23_57,1
23_56,24_56,1
23_57,23_58,1
23_57,24_57,1
23_58,23_59,1
23_58,24_58,1
23_59,24_59,1
23_61,23_62,1
23_61,24_61,1
23_62,23_63,1
23_62,24_62,1
23_63,23_64,1
23_64,23_65,1
23_65,23_66,1
23_66,23_67,1
23_67,23_68,1
23_67,24_67,1
23_68,23_69,1
23_68,24_68,1
23_69,23_70,1
23_69,24_69,1
23_70,23_71,1
23_70,24_70,1
23_71,23_72,1
23_71,24_71,1
23_72,23_73,1
23_72,24_72,1
23_73,24_73,1
23_75,23_76,1
23_75,24_75,1
23_76,23_77,1
23_76,24_76,1
23_77,23_78,1
23_77,24_77,1
23_78,24_78,1
24_1,24_2,1
24_1,25_1,1
24_2,24_3,1
24_2,25_2,1
24_3,24_4,1
24_3,25_3,1
24_4,24_5,1
24_4,25_4,1
24_5,24_6,1
24_5,25_5,1
24_6,24_7,1
24_6,25_6,1
24_7,24_8,1
24_7,25_7,1
24_8,24_9,1
24_8,25_8,1
24_9,24_10,1
24_9,25_9,1
24_10,24_11,1
24_10,25_10,1
24_11,24_12,1
24_11,25_11,1
24_12,24_13,1
24_12,25_12,1
24_13,24_14,1
24_13,25_13,1
24_14,25_14,1
24_16,24_17,1
24_16,25_16,1
24_17,24_18,1
24_17,25_17,1
24_18,24_19,1
24_18,25_18,1
24_19,24_20,1
24_19,25_19,1
24_20,24_21,1
24_20,25_20,1
24_21,24_22,1
24_21,25_21,1
24_22,24_23,1
24_22,25_22,1
24_23,24_24,1
24_23,25_23,1
24_24,24_25,1
24_24,25_24,1
24_25,24_26,1
24_25,25_25,1
24_26,24_27,1
24_26,25_26,1
24_27,24_28,1
24_27,25_27,1
24_28,24_29,1
24_28,25_28,1
24_29,24_30,1
24_29,25_29,1
24_30,24_31,1
24_30,25_30,1
24_31,24_32,1
24_31,25_31,1
24_32,24_33,1
24_32,25_32,1
24_33,24_34,1
24_36,24_37,1
24_37,24_38,1
24_37,25_37,1
24_38,24_39,1
24_38,25_38,1
24_39,24_40,1
24_39,25_39,1
24_40,24_41,1
24_40,25_40,1
24_41,24_42,1
24_41,25_41,1
24_42,24_43,1
24_42,25_42,1
24_43,24_44,1
24_43,25_43,1
24_44,24_45,1
24_44,25_44,1
24_45,24_46,1
24_45,25_45,1
24_46,24_47,1
24_46,25_46,1
24_47,24_48,1
24_47,25_47,1
24_48,24_49,1
24_48,25_48,1
24_49,24_50,1
24_49,25_49,1
24_50,24_51,1
24_50,25_50,1
24_51,24_52,1
24_51,25_51,1
24_52,24_53,1
24_52,25_52,1
24_53,24_54,1
24_53,25_53,1
24_54,24_55,1
24_54,25_54,1
24_55,24_56,1
24_55,25_55,1
24_56,24_57,1
24_56,25_56,1
24_57,24_58,1
24_57,25_57,1
24_58,24_59,1
24_58,25_58,1
24_59,25_59,1
24_61,24_62,1
24_61,25_61,1
24_62,25_62,1
24_67,24_68,1
24_67,25_67,1
24_68,24_69,1
24_68,25_68,1
24_69,24_70,1
24_69,25_69,1
24_70,24_71,1
24_70,25_70,1
24_71,24_72,1
24_71,25_71,1
24_72,24_73,1
24_72,25_72,1
24_73,25_73,1
24_75,24_76,1
24_75,25_75,1
24_76,24_77,1
24_76,25_76,1
24_77,24_78,1
24_77,25_77,1
24_78,25_78,1
25_1,25_2,1
25_1,26_1,1
25_2,25_3,1
25_2,26_2,1
25_3,25_4,1
25_3,26_3,1
25_4,25_5,1
25_4,26_4,1
25_5,25_6,1
25_5,26_5,1
25_6,25_7,1
25_6,26_6,1
25_7,25_8,1
25_7,26_7,1
25_8,25_9,1
25_8,26_8,1
25_9,25_10,1
25_9,26_9,1
25_10,25_11,1
25_10,26_10,1
25_11,25_12,1
25_11,26_11,1
25_12,25_13,1
25_12,26_12,1
25_13,25_14,1
25_13,26_13,1
25_14,26_14,1
25_16,25_17,1
25_16,26_16,1
25_17,25_18,1
25_17,26_17,1
25_18,25_19,1
25_18,26_18,1
25_19,25_20,1
25_19,26_19,1
25_20,25_21,1
25_20,26_20,1
25_21,25_22,1
25_21,26_21,1
25_22,25_23,1
25_22,26_22,1
25_23,25_24,1
25_23,26_23,1
25_24,25_25,1
25_24,26_24,1
25_25,25_26,1
25_25,26_25,1
25_26,25_27,1
25_26,26_26,1
25_27,25_28,1
25_27,26_27,1
25_28,25_29,1
25_28,26_28,1
25_29,25_30,1
25_29,26_29,1
25_30,25_31,1
25_30,26_30,1
25_31,25_32,1
25_31,26_31,1
25_32,26_32,1
25_37,25_38,1
25_37,26_37,1
25_38,25_39,1
25_38,26_38,1
25_39,25_40,1
25_39,26_39,1
25_40,25_41,1
25_40,26_40,1
25_41,25_42,1
25_41,26_41,1
25_42,25_43,1
25_42,26_42,1
25_43,25_44,1
25_43,26_43,1
25_44,25_45,1
25_44,26_44,1
25_45,25_46,1
25_45,26_45,1
25_46,25_47,1
25_46,26_46,1
25_47,25_48,1
25_47,26_47,1
25_48,25_49,1
25_48,26_48,1
25_49,25_50,1
25_49,26_49,1
25_50,25_51,1
25_50,26_50,1
25_51,25_52,1
25_52,25_53,1
25_53,25_54,1
25_54,25_55,1
25_54,26_54,1
25_55,25_56,1
25_55,26_55,1
25_56,25_57,1
25_56,26_56,1
25_57,25_58,1
25_57,26_57,1
25_58,25_59,1
25_58,26_58,1
25_59,26_59,1
25_61,25_62,1
25_61,26_61,1
25_62,26_62,1
25_64,25_65,1
25_64,26_64,1
25_65,25_66,1
25_65,26_65,1
25_66,25_67,1
25_66,26_66,1
25_67,25_68,1
25_67,26_67,1
25_68,25_69,1
25_68,26_68,1
25_69,25_70,1
25_69,26_69,1
25_70,25_71,1
25_70,26_70,1
25_71,25_72,1
25_71,26_71,1
25_72,25_73,1
25_72,26_72,1
25_73,26_73,1
25_75,25_76,1
25_75,26_75,1
25_76,25_77,1
25_76,26_76,1
25_77,25_78,1
25_77,26_77,1
25_78,26_78,1
26_1,26_2,1
26_1,27_1,1
26_2,26_3,1
26_2,27_2,1
26_3,26_4,1
26_3,27_3,1
26_4,26_5,1
26_4,27_4,1
26_5,26_6,1
26_5,27_5,1
26_6,26_7,1
26_6,27_6,1
26_7,26_8,1
26_7,27_7,1
26_8,26_9,1
26_8,27_8,1
26_9,26_10,1
26_9,27_9,1
26_10,26_11,1
26_10,27_10,1
26_11,26_12,1
26_11,27_11,1
26_12,26_13,1
26_12,27_12,1
26_13,26_14,1
26_13,27_13,1
26_14,27_14,1
26_16,26_17,1
26_16,27_16,1
26_17,26_18,1
26_17,27_17,1
26_18,26_19,1
26_18,27_18,1
26_19,26_20,1
26_20,26_21,1
26_20,27_20,1
26_21,26_22,1
26_21,27_21,1
26_22,26_23,1
26_22,27_22,1
26_23,26_24,1
26_23,27_23,1
26_24,26_25,1
26_24,27_24,1
26_25,26_26,1
26_25,27_25,1
26_26,26_27,1
26_26,27_26,1
26_27,26_28,1
26_27,27_27,1
26_28,26_29,1
26_28,27_28,1
26_29,26_30,1
26_29,27_29,1
26_30,26_31,1
26_30,27_30,1
26_31,26_32,1
26_31,27_31,1
26_32,27_32,1
26_34,26_35,1
26_34,27_34,1
26_35,26_36,1
26_35,27_35,1
26_36,26_37,1
26_36,27_36,1
26_37,26_38,1
26_37,27_37,1
26_38,26_39,1
26_38,27_38,1
26_39,26_40,1
26_39,27_39,1
26_40,26_41,1
26_40,27_40,1
26_41,26_42,1
26_41,27_41,1
26_42,26_43,1
26_42,27_42,1
26_43,26_44,1
26_43,27_43,1
26_44,26_45,1
26_44,27_44,1
26_45,26_46,1
26_45,27_45,1
26_46,26_47,1
26_46,27_46,1
26_47,26_48,1
26_47,27_47,1
26_48,26_49,1
26_48,27_48,1
26_49,26_50,1
26_49,27_49,1
26_50,27_50,1
26_54,26_55,1
26_54,27_54,1
26_55,26_56,1
26_55,27_55,1
26_56,26_57,1
26_56,27_56,1
26_57,26_58,1
26_57,27_57,1
26_58,26_59,1
26_58,27_58,1
26_59,27_59,1
26_61,26_62,1
26_61,27_61,1
26_62,27_62,1
26_64,26_65,1
26_64,27_64,1
26_65,26_66,1
26_65,27_65,1
26_66,26_67,1
26_66,27_66,1
26_67,26_68,1
26_67,27_67,1
26_68,26_69,1
26_68,27_68,1
26_69,26_70,1
26_69,27_69,1
26_70,26_71,1
26_70,27_70,1
26_71,26_72,1
26_71,27_71,1
26_72,26_73,1
26_72,27_72,1
26_73,27_73,1
26_75,26_76,1
26_75,27_75,1
26_76,26_77,1
26_76,27_76,1
26_77,26_78,1
26_77,27_77,1
26_78,27_78,1
27_1,27_2,1
27_1,28_1,1
27_2,27_3,1
27_2,28_2,1
27_3,27_4,1
27_3,28_3,1
27_4,27_5,1
27_4,28_4,1
27_5,27_6,1
27_5,28_5,1
27_6,27_7,1
27_6,28_6,1
27_7,27_8,1
27_7,28_7,1
27_8,27_9,1
27_8,28_8,1
27_9,27_10,1
27_9,28_9,1
27_10,27_11,1
27_10,28_10,1
27_11,27_12,1
27_11,28_11,1
27_12,27_13,1
27_12,28_12,1
27_13,27_14,1
27_13,28_13,1
27_14,28_14,1
27_16,27_17,1
27_16,28_16,1
27_17,27_18,1
27_17,28_17,1
27_18,28_18,1
27_20,27_21,1
27_20,28_20,1
27_21,27_22,1
27_21,28_21,1
27_22,27_23,1
27_22,28_22,1
27_23,27_24,1
27_23,28_23,1
27_24,27_25,1
27_24,28_24,1
27_25,27_26,1
27_25,28_25,1
27_26,27_27,1
27_26,28_26,1
27_27,27_28,1
27_27,28_27,1
27_28,27_29,1
27_28,28_28,1
27_29,27_30,1
27_29,28_29,1
27_30,27_31,1
27_30,28_30,1
27_31,27_32,1
27_31,28_31,1
27_32,28_32,1
27_34,27_35,1
27_34,28_34,1
27_35,27_36,1
27_35,28_35,1
27_36,27_37,1
27_36,28_36,1
27_37,27_38,1
27_37,28_37,1
27_38,27_39,1
27_38,28_38,1
27_39,27_40,1
27_39,28_39,1
27_40,27_41,1
27_40,28_40,1
27_41,27_42,1
27_41,28_41,1
27_42,27_43,1
27_42,28_42,1
27_43,27_44,1
27_43,28_43,1
27_44,27_45,1
27_44,28_44,1
27_45,27_46,1
27_45,28_45,1
27_46,27_47,1
27_46,28_46,1
27_47,27_48,1
27_47,28_47,1
27_48,27_49,1
27_48,28_48,1
27_49,27_50,1
27_49,28_49,1
27_50,28_50,1
27_52,27_53,1
27_52,28_52,1
27_53,27_54,1
27_53,28_53,1
27_54,27_55,1
27_54,28_54,1
27_55,27_56,1
27_55,28_55,1
27_56,27_57,1
27_56,28_56,1
27_57,27_58,1
27_57,28_57,1
27_58,27_59,1
27_58,28_58,1
27_59,27_60,1
27_59,28_59,1
27_60,27_61,1
27_60,28_60,1
27_61,27_62,1
27_61,28_61,1
27_62,28_62,1
27_64,27_65,1
27_64,28_64,1
27_65,27_66,1
27_65,28_65,1
27_66,27_67,1
27_66,28_66,1
27_67,27_68,1
27_67,28_67,1
27_68,27_69,1
27_68,28_68,1
27_69,27_70,1
27_69,28_69,1
27_70,27_71,1
27_70,28_70,1
27_71,27_72,1
27_71,28_71,1
27_72,27_73,1
27_72,28_72,1
27_73,27_74,1
27_73,28_73,1
27_74,27_75,1
27_74,28_74,1
27_75,27_76,1
27_75,28_75,1
27_76,27_77,1
27_76,28_76,1
27_77,27_78,1
27_77,28_77,1
27_78,28_78,1
28_1,28_2,1
28_1,29_1,1
28_2,28_3,1
28_2,29_2,1
28_3,28_4,1
28_3,29_3,1
28_4,28_5,1
28_4,29_4,1
28_5,28_6,1
28_5,29_5,1
28_6,28_7,1
28_7,28_8,1
28_7,29_7,1
28_8,28_9,1
28_8,29_8,1
28_9,28_10,1
28_9,29_9,1
28_10,28_11,1
28_10,29_10,1
28_11,28_12,1
28_11,29_11,1
28_12,28_13,1
28_12,29_12,1
28_13,28_14,1
28_13,29_13,1
28_14,29_14,1
28_16,28_17,1
28_16,29_16,1
28_17,28_18,1
28_17,29_17,1
28_18,29_18,1
28_20,28_21,1
28_20,29_20,1
28_21,28_22,1
28_21,29_21,1
28_22,28_23,1
28_22,29_22,1
28_23,28_24,1
28_23,29_23,1
28_24,28_25,1
28_24,29_24,1
28_25,28_26,1
28_25,29_25,1
28_26,28_27,1
28_26,29_26,1
28_27,28_28,1
28_27,29_27,1
28_28,28_29,1
28_28,29_28,1
28_29,28_30,1
28_29,29_29,1
28_30,28_31,1
28_30,29_30,1
28_31,28_32,1
28_31,29_31,1
28_32,29_32,1
28_34,28_35,1
28_34,29_34,1
28_35,28_36,1
28_35,29_35,1
28_36,28_37,1
28_36,29_36,1
28_37,28_38,1
28_37,29_37,1
28_38,28_39,1
28_38,29_38,1
28_39,28_40,1
28_39,29_39,1
28_40,28_41,1
28_40,29_40,1
28_41,28_42,1
28_41,29_41,1
28_42,28_43,1
28_42,29_42,1
28_43,28_44,1
28_43,29_43,1
28_44,28_45,1
28_44,29_44,1
28_45,28_46,1
28_45,29_45,1
28_46,28_47,1
28_46,29_46,1
28_47,28_48,1
28_47,29_47,1
28_48,28_49,1
28_48,29_48,1
28_49,28_50,1
28_49,29_49,1
28_50,29_50,1
28_52,28_53,1
28_52,29_52,1
28_53,28_54,1
28_53,29_53,1
28_54,28_55,1
28_54,29_54,1
28_55,28_56,1
28_55,29_55,1
28_56,28_57,1
28_56,29_56,1
28_57,28_58,1
28_57,29_57,1
28_58,28_59,1
28_58,29_58,1
28_59,28_60,1
28_59,29_59,1
28_60,28_61,1
28_60,29_60,1
28_61,28_62,1
28_61,29_61,1
28_62,29_62,1
28_64,28_65,1
28_64,29_64,1
28_65,28_66,1
28_65,29_65,1
28_66,28_67,1
28_66,29_66,1
28_67,28_68,1
28_67,29_67,1
28_68,28_69,1
28_68,29_68,1
28_69,28_70,1
28_69,29_69,1
28_70,28_71,1
28_70,29_70,1
28_71,28_72,1
28_71,29_71,1
28_72,28_73,1
28_72,29_72,1
28_73,28_74,1
28_73,29_73,1
28_74,28_75,1
28_74,29_74,1
28_75,28_76,1
28_75,29_75,1
28_76,28_77,1
28_76,29_76,1
28_77,28_78,1
28_77,29_77,1
28_78,29_78,1
29_1,29_2,1
29_1,30_1,1
29_2,29_3,1
29_2,30_2,1
29_3,29_4,1
29_3,30_3,1
29_4,29_5,1
29_4,30_4,1
29_5,30_5,1
29_7,29_8,1
29_7,30_7,1
29_8,29_9,1
29_8,30_8,1
29_9,29_10,1
29_9,30_9,1
29_10,29_11,1
29_10,30_10,1
29_11,29_12,1
29_11,30_11,1
29_12,29_13,1
29_12,30_12,1
29_13,29_14,1
29_13,30_13,1
29_14,30_14,1
29_16,29_17,1
29_16,30_16,1
29_17,29_18,1
29_17,30_17,1
29_18,30_18,1
29_20,29_21,1
29_20,30_20,1
29_21,29_22,1
29_21,30_21,1
29_22,29_23,1
29_22,30_22,1
29_23,29_24,1
29_23,30_23,1
29_24,29_25,1
29_24,30_24,1
29_25,29_26,1
29_25,30_25,1
29_26,29_27,1
29_26,30_26,1
29_27,29_28,1
29_27,30_27,1
29_28,29_29,1
29_28,30_28,1
29_29,29_30,1
29_29,30_29,1
29_30,29_31,1
29_30,30_30,1
29_31,29_32,1
29_31,30_31,1
29_32,30_32,1
29_34,29_35,1
29_34,30_34,1
29_35,29_36,1
29_35,30_35,1
29_36,29_37,1
29_36,30_36,1
29_37,29_38,1
29_37,30_37,1
29_38,29_39,1
29_38,30_38,1
29_39,29_40,1
29_39,30_39,1
29_40,29_41,1
29_40,30_40,1
29_41,29_42,1
29_41,30_41,1
29_42,29_43,1
29_42,30_42,1
29_43,29_44,1
29_43,30_43,1
29_44,29_45,1
29_44,30_44,1
29_45,29_46,1
29_46,29_47,1
29_46,30_46,1
29_47,29_48,1
29_47,30_47,1
29_48,29_49,1
29_48,30_48,1
29_49,29_50,1
29_49,30_49,1
29_50,29_51,1
29_50,30_50,1
29_51,29_52,1
29_51,30_51,1
29_52,29_53,1
29_52,30_52,1
29_53,29_54,1
29_53,30_53,1
29_54,29_55,1
29_54,30_54,1
29_55,29_56,1
29_55,30_55,1
29_56,29_57,1
29_56,30_56,1
29_57,29_58,1
29_57,30_57,1
29_58,29_59,1
29_58,30_58,1
29_59,29_60,1
29_59,30_59,1
29_60,29_61,1
29_60,30_60,1
29_61,29_62,1
29_62,29_63,1
29_63,29_64,1
29_64,29_65,1
29_65,29_66,1
29_66,29_67,1
29_67,29_68,1
29_68,29_69,1
29_69,29_70,1
29_70,29_71,1
29_70,30_70,1
29_71,29_72,1
29_71,30_71,1
29_72,29_73,1
29_72,30_72,1
29_73,29_74,1
29_73,30_73,1
29_74,29_75,1
29_74,30_74,1
29_75,29_76,1
29_75,30_75,1
29_76,29_77,1
29_76,30_76,1
29_77,29_78,1
29_77,30_77,1
29_78,30_78,1
30_1,30_2,1
30_1,31_1,1
30_2,30_3,1
30_2,31_2,1
30_3,30_4,1
30_3,31_3,1
30_4,30_5,1
30_4,31_4,1
30_5,31_5,1
30_7,30_8,1
30_7,31_7,1
30_8,30_9,1
30_8,31_8,1
30_9,30_10,1
30_9,31_9,1
30_10,30_11,1
30_10,31_10,1
30_11,30_12,1
30_11,31_11,1
30_12,30_13,1
30_12,31_12,1
30_13,30_14,1
30_13,31_13,1
30_14,31_14,1
30_16,30_17,1
30_16,31_16,1
30_17,30_18,1
30_17,31_17,1
30_18,31_18,1
30_20,30_21,1
30_20,31_20,1
30_21,30_22,1
30_21,31_21,1
30_22,30_23,1
30_22,31_22,1
30_23,30_24,1
30_23,31_23,1
30_24,30_25,1
30_24,31_24,1
30_25,30_26,1
30_25,31_25,1
30_26,30_27,1
30_26,31_26,1
30_27,30_28,1
30_27,31_27,1
30_28,30_29,1
30_28,31_28,1
30_29,30_30,1
30_29,31_29,1
30_30,30_31,1
30_30,31_30,1
30_31,30_32,1
30_31,31_31,1
30_32,30_33,1
30_32,31_32,1
30_33,30_34,1
30_33,31_33,1
30_34,30_35,1
30_34,31_34,1
30_35,30_36,1
30_35,31_35,1
30_36,30_37,1
30_36,31_36,1
30_37,30_38,1
30_37,31_37,1
30_38,30_39,1
30_38,31_38,1
30_39,30_40,1
30_39,31_39,1
30_40,30_41,1
30_40,31_40,1
30_41,30_42,1
30_41,31_41,1
30_42,30_43,1
30_42,31_42,1
30_43,30_44,1
30_43,31_43,1
30_44,31_44,1
30_46,30_47,1
30_46,31_46,1
30_47,30_48,1
30_47,31_47,1
30_48,30_49,1
30_48,31_48,1
30_49,30_50,1
30_49,31_49,1
30_50,30_51,1
30_50,31_50,1
30_51,30_52,1
30_51,31_51,1
30_52,30_53,1
30_52,31_52,1
30_53,30_54,1
30_53,31_53,1
30_54,30_55,1
30_54,31_54,1
30_55,30_56,1
30_55,31_55,1
30_56,30_57,1
30_56,31_56,1
30_57,30_58,1
30_57,31_57,1
30_58,30_59,1
30_58,31_58,1
30_59,30_60,1
30_59,31_59,1
30_60,31_60,1
30_70,30_71,1
30_70,31_70,1
30_71,30_72,1
30_71,31_71,1
30_72,30_73,1
30_72,31_72,1
30_73,30_74,1
30_73,31_73,1
30_74,30_75,1
30_74,31_74,1
30_75,30_76,1
30_76,30_77,1
30_77,30_78,1
31_1,31_2,1
31_1,32_1,1
31_2,31_3,1
31_2,32_2,1
31_3,31_4,1
31_3,32_3,1
31_4,31_5,1
31_4,32_4,1
31_5,32_5,1
31_7,31_8,1
31_7,32_7,1
31_8,31_9,1
31_8,32_8,1
31_9,31_10,1
31_9,32_9,1
31_10,31_11,1
31_10,32_10,1
31_11,31_12,1
31_11,32_11,1
31_12,31_13,1
31_12,32_12,1
31_13,31_14,1
31_13,32_13,1
31_14,31_15,1
31_14,32_14,1
31_15,31_16,1
31_15,32_15,1
31_16,31_17,1
31_16,32_16,1
31_17,31_18,1
31_17,32_17,1
31_18,32_18,1
31_20,31_21,1
31_20,32_20,1
31_21,31_22,1
31_21,32_21,1
31_22,31_23,1
31_22,32_22,1
31_23,31_24,1
31_23,32_23,1
31_24,31_25,1
31_24,32_24,1
31_25,31_26,1
31_25,32_25,1
31_26,31_27,1
31_26,32_26,1
31_27,31_28,1
31_27,32_27,1
31_28,31_29,1
31_28,32_28,1
31_29,31_30,1
31_29,32_29,1
31_30,31_31,1
31_30,32_30,1
31_31,31_32,1
31_31,32_31,1
31_32,31_33,1
31_32,32_32,1
31_33,31_34,1
31_33,32_33,1
31_34,31_35,1
31_34,32_34,1
31_35,31_36,1
31_35,32_35,1
31_36,31_37,1
31_36,32_36,1
31_37,31_38,1
31_37,32_37,1
31_38,31_39,1
31_38,32_38,1
31_39,31_40,1
31_39,32_39,1
31_40,31_41,1
31_40,32_40,1
31_41,31_42,1
31_41,32_41,1
31_42,31_43,1
31_42,32_42,1
31_43,31_44,1
31_43,32_43,1
31_44,32_44,1
31_46,31_47,1
31_46,32_46,1
31_47,31_48,1
31_47,32_47,1
31_48,31_49,1
31_48,32_48,1
31_49,31_50,1
31_49,32_49,1
31_50,31_51,1
31_50,32_50,1
31_51,31_52,1
31_51,32_51,1
31_52,31_53,1
31_52,32_52,1
31_53,31_54,1
31_53,32_53,1
31_54,31_55,1
31_54,32_54,1
31_55,31_56,1
31_55,32_55,1
31_56,31_57,1
31_56,32_56,1
31_57,31_58,1
31_57,32_57,1
31_58,31_59,1
31_58,32_58,1
31_59,31_60,1
31_59,32_59,1
31_60,31_61,1
31_60,32_60,1
31_61,31_62,1
31_61,32_61,1
31_62,31_63,1
31_62,32_62,1
31_63,31_64,1
31_63,32_63,1
31_64,31_65,1
31_64,32_64,1
31_65,31_66,1
31_65,32_65,1
31_66,31_67,1
31_66,32_66,1
31_67,31_68,1
31_67,32_67,1
31_68,31_69,1
31_68,32_68,1
31_69,31_70,1
31_69,32_69,1
31_70,31_71,1
31_70,32_70,1
31_71,31_72,1
31_71,32_71,1
31_72,31_73,1
31_72,32_72,1
31_73,31_74,1
31_73,32_73,1
31_74,32_74,1
32_1,32_2,1
32_1,33_1,1
32_2,32_3,1
32_2,33_2,1
32_3,32_4,1
32_3,33_3,1
32_4,32_5,1
32_4,33_4,1
32_5,33_5,1
32_7,32_8,1
32_7,33_7,1
32_8,32_9,1
32_8,33_8,1
32_9,32_10,1
32_9,33_9,1
32_10,32_11,1
32_10,33_10,1
32_11,32_12,1
32_11,33_11,1
32_12,32_13,1
32_12,33_12,1
32_13,32_14,1
32_13,33_13,1
32_14,32_15,1
32_14,33_14,1
32_15,32_16,1
32_15,33_15,1
32_16,32_17,1
32_16,33_16,1
32_17,32_18,1
32_17,33_17,1
32_18,33_18,1
32_20,32_21,1
32_20,33_20,1
32_21,32_22,1
32_21,33_21,1
32_22,32_23,1
32_22,33_22,1
32_23,32_24,1
32_23,33_23,1
32_24,32_25,1
32_24,33_24,1
32_25,32_26,1
32_25,33_25,1
32_26,32_27,1
32_26,33_26,1
32_27,32_28,1
32_27,33_27,1
32_28,32_29,1
32_28,33_28,1
32_29,32_30,1
32_29,33_29,1
32_30,32_31,1
32_30,33_30,1
32_31,32_32,1
32_31,33_31,1
32_32,32_33,1
32_32,33_32,1
32_33,32_34,1
32_33,33_33,1
32_34,32_35,1
32_34,33_34,1
32_35,32_36,1
32_35,33_35,1
32_36,32_37,1
32_36,33_36,1
32_37,32_38,1
32_37,33_37,1
32_38,32_39,1
32_38,33_38,1
32_39,32_40,1
32_39,33_39,1
32_40,32_41,1
32_40,33_40,1
32_41,32_42,1
32_41,33_41,1
32_42,32_43,1
32_42,33_42,1
32_43,32_44,1
32_43,33_43,1
32_44,33_44,1
32_46,32_47,1
32_46,33_46,1
32_47,32_48,1
32_47,33_47,1
32_48,32_49,1
32_48,33_48,1
32_49,32_50,1
32_49,33_49,1
32_50,32_51,1
32_50,33_50,1
32_51,32_52,1
32_51,33_51,1
32_52,32_53,1
32_53,32_54,1
32_54,32_55,1
32_55,32_56,1
32_56,32_57,1
32_57,32_58,1
32_58,32_59,1
32_58,33_58,1
32_59,32_60,1
32_59,33_59,1
32_60,32_61,1
32_60,33_60,1
32_61,32_62,1
32_61,33_61,1
32_62,32_63,1
32_62,33_62,1
32_63,32_64,1
32_63,33_63,1
32_64,32_65,1
32_64,33_64,1
32_65,32_66,1
32_65,33_65,1
32_66,32_67,1
32_66,33_66,1
32_67,32_68,1
32_67,33_67,1
32_68,32_69,1
32_68,33_68,1
32_69,32_70,1
32_69,33_69,1
32_70,32_71,1
32_70,33_70,1
32_71,32_72,1
32_71,33_71,1
32_72,32_73,1
32_72,33_72,1
32_73,32_74,1
32_73,33_73,1
32_74,32_75,1
32_74,33_74,1
32_75,32_76,1
32_75,33_75,1
32_76,32_77,1
32_76,33_76,1
32_77,32_78,1
32_77,33_77,1
32_78,33_78,1
33_1,33_2,1
33_1,34_1,1
33_2,33_3,1
33_2,34_2,1
33_3,33_4,1
33_3,34_3,1
33_4,33_5,1
33_4,34_4,1
33_5,34_5,1
33_7,33_8,1
33_7,34_7,1
33_8,33_9,1
33_8,34_8,1
33_9,33_10,1
33_9,34_9,1
33_10,33_11,1
33_10,34_10,1
33_11,33_12,1
33_11,34_11,1
33_12,33_13,1
33_12,34_12,1
33_13,33_14,1
33_13,34_13,1
33_14,33_15,1
33_14,34_14,1
33_15,33_16,1
33_15,34_15,1
33_16,33_17,1
33_16,34_16,1
33_17,33_18,1
33_17,34_17,1
33_18,34_18,1
33_20,33_21,1
33_20,34_20,1
33_21,33_22,1
33_21,34_21,1
33_22,33_23,1
33_22,34_22,1
33_23,33_24,1
33_23,34_23,1
33_24,33_25,1
33_24,34_24,1
33_25,33_26,1
33_25,34_25,1
33_26,33_27,1
33_26,34_26,1
33_27,33_28,1
33_27,34_27,1
33_28,33_29,1
33_28,34_28,1
33_29,33_30,1
33_29,34_29,1
33_30,33_31,1
33_30,34_30,1
33_31,33_32,1
33_31,34_31,1
33_32,33_33,1
33_32,34_32,1
33_33,33_34,1
33_33,34_33,1
33_34,33_35,1
33_34,34_34,1
33_35,33_36,1
33_35,34_35,1
33_36,33_37,1
33_36,34_36,1
33_37,33_38,1
33_37,34_37,1
33_38,33_39,1
33_38,34_38,1
33_39,33_40,1
33_39,34_39,1
33_40,33_41,1
33_40,34_40,1
33_41,33_42,1
33_41,34_41,1
33_42,33_43,1
33_42,34_42,1
33_43,33_44,1
33_43,34_43,1
33_44,34_44,1
33_46,33_47,1
33_46,34_46,1
33_47,33_48,1
33_47,34_47,1
33_48,33_49,1
33_48,34_48,1
33_49,33_50,1
33_49,34_49,1
33_50,33_51,1
33_50,34_50,1
33_51,34_51,1
33_58,33_59,1
33_58,34_58,1
33_59,33_60,1
33_59,34_59,1
33_60,33_61,1
33_60,34_60,1
33_61,33_62,1
33_61,34_61,1
33_62,33_63,1
33_62,34_62,1
33_63,33_64,1
33_63,34_63,1
33_64,33_65,1
33_64,34_64,1
33_65,33_66,1
33_65,34_65,1
33_66,33_67,1
33_66,34_66,1
33_67,33_68,1
33_67,34_67,1
33_68,33_69,1
33_68,34_68,1
33_69,33_70,1
33_69,34_69,1
33_70,33_71,1
33_70,34_70,1
33_71,33_72,1
33_71,34_71,1
33_72,33_73,1
33_72,34_72,1
33_73,33_74,1
33_73,34_73,1
33_74,33_75,1
33_74,34_74,1
33_75,33_76,1
33_75,34_75,1
33_76,33_77,1
33_76,34_76,1
33_77,33_78,1
33_77,34_77,1
33_78,34_78,1
34_1,34_2,1
34_1,35_1,1
34_2,34_3,1
34_2,35_2,1
34_3,34_4,1
34_3,35_3,1
34_4,34_5,1
34_4,35_4,1
34_5,35_5,1
34_7,34_8,1
34_7,35_7,1
34_8,34_9,1
34_8,35_8,1
34_9,34_10,1
34_9,35_9,1
34_10,34_11,1
34_10,35_10,1
34_11,34_12,1
34_11,35_11,1
34_12,34_13,1
34_12,35_12,1
34_13,34_14,1
34_13,35_13,1
34_14,34_15,1
34_14,35_14,1
34_15,34_16,1
34_15,35_15,1
34_16,34_17,1
34_16,35_16,1
34_17,34_18,1
34_17,35_17,1
34_18,34_19,1
34_18,35_18,1
34_19,34_20,1
34_19,35_19,1
34_20,34_21,1
34_20,35_20,1
34_21,34_22,1
34_21,35_21,1
34_22,34_23,1
34_22,35_22,1
34_23,34_24,1
34_23,35_23,1
34_24,34_25,1
34_24,35_24,1
34_25,34_26,1
34_25,35_25,1
34_26,34_27,1
34_26,35_26,1
34_27,34_28,1
34_27,35_27,1
34_28,34_29,1
34_28,35_28,1
34_29,34_30,1
34_29,35_29,1
34_30,34_31,1
34_30,35_30,1
34_31,34_32,1
34_31,35_31,1
34_32,34_33,1
34_32,35_32,1
34_33,34_34,1
34_33,35_33,1
34_34,34_35,1
34_34,35_34,1
34_35,34_36,1
34_35,35_35,1
34_36,34_37,1
34_36,35_36,1
34_37,34_38,1
34_37,35_37,1
34_38,34_39,1
34_38,35_38,1
34_39,34_40,1
34_39,35_39,1
34_40,34_41,1
34_40,35_40,1
34_41,34_42,1
34_41,35_41,1
34_42,34_43,1
34_42,35_42,1
34_43,34_44,1
34_43,35_43,1
34_44,35_44,1
34_46,34_47,1
34_46,35_46,1
34_47,34_48,1
34_47,35_47,1
34_48,34_49,1
34_48,35_48,1
34_49,34_50,1
34_49,35_49,1
34_50,34_51,1
34_50,35_50,1
34_51,34_52,1
34_51,35_51,1
34_52,34_53,1
34_52,35_52,1
34_53,34_54,1
34_53,35_53,1
34_54,34_55,1
34_54,35_54,1
34_55,34_56,1
34_55,35_55,1
34_56,34_57,1
34_56,35_56,1
34_57,34_58,1
34_57,35_57,1
34_58,34_59,1
34_58,35_58,1
34_59,34_60,1
34_59,35_59,1
34_60,34_61,1
34_60,35_60,1
34_61,34_62,1
34_61,35_61,1
34_62,34_63,1
34_62,35_62,1
34_63,34_64,1
34_63,35_63,1
34_64,34_65,1
34_64,35_64,1
34_65,34_66,1
34_65,35_65,1
34_66,34_67,1
34_66,35_66,1
34_67,34_68,1
34_67,35_67,1
34_68,34_69,1
34_68,35_68,1
34_69,34_70,1
34_69,35_69,1
34_70,34_71,1
34_70,35_70,1
34_71,34_72,1
34_71,35_71,1
34_72,34_73,1
34_72,35_72,1
34_73,34_74,1
34_73,35_73,1
34_74,34_75,1
34_74,35_74,1
34_75,34_76,1
34_75,35_75,1
34_76,34_77,1
34_76,35_76,1
34_77,34_78,1
34_77,35_77,1
34_78,35_78,1
35_1,35_2,1
35_1,36_1,1
35_2,35_3,1
35_2,36_2,1
35_3,35_4,1
35_3,36_3,1
35_4,35_5,1
35_4,36_4,1
35_5,36_5,1
35_7,35_8,1
35_7,36_7,1
35_8,35_9,1
35_8,36_8,1
35_9,35_10,1
35_9,36_9,1
35_10,35_11,1
35_10,36_10,1
35_11,35_12,1
35_11,36_11,1
35_12,35_13,1
35_12,36_12,1
35_13,35_14,1
35_13,36_13,1
35_14,35_15,1
35_14,36_14,1
35_15,35_16,1
35_15,36_15,1
35_16,35_17,1
35_16,36_16,1
35_17,35_18,1
35_17,36_17,1
35_18,35_19,1
35_18,36_18,1
35_19,35_20,1
35_19,36_19,1
35_20,35_21,1
35_20,36_20,1
35_21,35_22,1
35_21,36_21,1
35_22,35_23,1
35_22,36_22,1
35_23,35_24,1
35_23,36_23,1
35_24,35_25,1
35_24,36_24,1
35_25,35_26,1
35_25,36_25,1
35_26,35_27,1
35_26,36_26,1
35_27,35_28,1
35_27,36_27,1
35_28,35_29,1
35_28,36_28,1
35_29,35_30,1
35_29,36_29,1
35_30,35_31,1
35_30,36_30,1
35_31,35_32,1
35_31,36_31,1
35_32,35_33,1
35_32,36_32,1
35_33,35_34,1
35_33,36_33,1
35_34,35_35,1
35_34,36_34,1
35_35,35_36,1
35_35,36_35,1
35_36,35_37,1
35_36,36_36,1
35_37,35_38,1
35_37,36_37,1
35_38,35_39,1
35_38,36_38,1
35_39,35_40,1
35_39,36_39,1
35_40,35_41,1
35_40,36_40,1
35_41,35_42,1
35_41,36_41,1
35_42,35_43,1
35_42,36_42,1
35_43,35_44,1
35_43,36_43,1
35_44,36_44,1
35_46,35_47,1
35_46,36_46,1
35_47,35_48,1
35_47,36_47,1
35_48,35_49,1
35_48,36_48,1
35_49,35_50,1
35_49,36_49,1
35_50,35_51,1
35_50,36_50,1
35_51,35_52,1
35_51,36_51,1
35_52,35_53,1
35_52,36_52,1
35_53,35_54,1
35_53,36_53,1
35_54,35_55,1
35_54,36_54,1
35_55,35_56,1
35_55,36_55,1
35_56,35_57,1
35_56,36_56,1
35_57,35_58,1
35_57,36_57,1
35_58,35_59,1
35_58,36_58,1
35_59,35_60,1
35_59,36_59,1
35_60,35_61,1
35_60,36_60,1
35_61,35_62,1
35_61,36_61,1
35_62,35_63,1
35_62,36_62,1
35_63,35_64,1
35_63,36_63,1
35_64,35_65,1
35_64,36_64,1
35_65,35_66,1
35_65,36_65,1
35_66,35_67,1
35_66,36_66,1
35_67,35_68,1
35_67,36_67,1
35_68,35_69,1
35_68,36_68,1
35_69,35_70,1
35_69,36_69,1
35_70,35_71,1
35_70,36_70,1
35_71,35_72,1
35_71,36_71,1
35_72,35_73,1
35_72,36_72,1
35_73,35_74,1
35_73,36_73,1
35_74,35_75,1
35_74,36_74,1
35_75,35_76,1
35_75,36_75,1
35_76,35_77,1
35_76,36_76,1
35_77,35_78,1
35_77,36_77,1
35_78,36_78,1
36_1,36_2,1
36_1,37_1,1
36_2,36_3,1
36_2,37_2,1
36_3,36_4,1
36_3,37_3,1
36_4,36_5,1
36_4,37_4,1
36_5,37_5,1
36_7,36_8,1
36_7,37_7,1
36_8,36_9,1
36_8,37_8,1
36_9,36_10,1
36_9,37_9,1
36_10,36_11,1
36_10,37_10,1
36_11,36_12,1
36_11,37_11,1
36_12,36_13,1
36_12,37_12,1
36_13,36_14,1
36_14,36_15,1
36_15,36_16,1
36_16,36_17,1
36_17,36_18,1
36_18,36_19,1
36_19,36_20,1
36_20,36_21,1
36_21,36_22,1
36_22,36_23,1
36_23,36_24,1
36_23,37_23,1
36_24,36_25,1
36_24,37_24,1
36_25,36_26,1
36_25,37_25,1
36_26,36_27,1
36_26,37_26,1
36_27,36_28,1
36_27,37_27,1
36_28,36_29,1
36_28,37_28,1
36_29,36_30,1
36_29,37_29,1
36_30,36_31,1
36_30,37_30,1
36_31,36_32,1
36_31,37_31,1
36_32,36_33,1
36_32,37_32,1
36_33,36_34,1
36_33,37_33,1
36_34,36_35,1
36_34,37_34,1
36_35,36_36,1
36_35,37_35,1
36_36,36_37,1
36_36,37_36,1
36_37,36_38,1
36_37,37_37,1
36_38,36_39,1
36_38,37_38,1
36_39,36_40,1
36_39,37_39,1
36_40,36_41,1
36_40,37_40,1
36_41,36_42,1
36_41,37_41,1
36_42,36_43,1
36_42,37_42,1
36_43,36_44,1
36_43,37_43,1
36_44,37_44,1
36_46,36_47,1
36_46,37_46,1
36_47,36_48,1
36_47,37_47,1
36_48,36_49,1
36_48,37_48,1
36_49,36_50,1
36_49,37_49,1
36_50,36_51,1
36_50,37_50,1
36_51,36_52,1
36_51,37_51,1
36_52,36_53,1
36_52,37_52,1
36_53,36_54,1
36_53,37_53,1
36_54,36_55,1
36_54,37_54,1
36_55,36_56,1
36_55,37_55,1
36_56,36_57,1
36_56,37_56,1
36_57,36_58,1
36_57,37_57,1
36_58,36_59,1
36_58,37_58,1
36_59,36_60,1
36_59,37_59,1
36_60,36_61,1
36_60,37_60,1
36_61,36_62,1
36_61,37_61,1
36_62,36_63,1
36_62,37_62,1
36_63,36_64,1
36_63,37_63,1
36_64,36_65,1
36_64,37_64,1
36_65,36_66,1
36_65,37_65,1
36_66,36_67,1
36_66,37_66,1
36_67,36_68,1
36_67,37_67,1
36_68,36_69,1
36_68,37_68,1
36_69,36_70,1
36_69,37_69,1
36_70,36_71,1
36_70,37_70,1
36_71,36_72,1
36_71,37_71,1
36_72,36_73,1
36_72,37_72,1
36_73,36_74,1
36_73,37_73,1
36_74,36_75,1
36_74,37_74,1
36_75,36_76,1
36_75,37_75,1
36_76,36_77,1
36_76,37_76,1
36_77,36_78,1
36_77,37_77,1
36_78,37_78,1
37_1,37_2,1
37_1,38_1,1
37_2,37_3,1
37_2,38_2,1
37_3,37_4,1
37_3,38_3,1
37_4,37_5,1
37_4,38_4,1
37_5,37_6,1
37_5,38_5,1
37_6,37_7,1
37_6,38_6,1
37_7,37_8,1
37_7,38_7,1
37_8,37_9,1
37_8,38_8,1
37_9,37_10,1
37_9,38_9,1
37_10,37_11,1
37_10,38_10,1
37_11,37_12,1
37_11,38_11,1
37_12,38_12,1
37_23,37_24,1
37_23,38_23,1
37_24,37_25,1
37_24,38_24,1
37_25,37_26,1
37_25,38_25,1
37_26,37_27,1
37_26,38_26,1
37_27,37_28,1
37_27,38_27,1
37_28,37_29,1
37_28,38_28,1
37_29,37_30,1
37_29,38_29,1
37_30,37_31,1
37_30,38_30,1
37_31,37_32,1
37_31,38_31,1
37_32,37_33,1
37_32,38_32,1
37_33,37_34,1
37_33,38_33,1
37_34,37_35,1
37_34,38_34,1
37_35,37_36,1
37_36,37_37,1
37_37,37_38,1
37_38,37_39,1
37_39,37_40,1
37_40,37_41,1
37_41,37_42,1
37_42,37_43,1
37_43,37_44,1
37_46,37_47,1
37_46,38_46,1
37_47,37_48,1
37_47,38_47,1
37_48,37_49,1
37_48,38_48,1
37_49,37_50,1
37_49,38_49,1
37_50,37_51,1
37_50,38_50,1
37_51,37_52,1
37_51,38_51,1
37_52,37_53,1
37_52,38_52,1
37_53,37_54,1
37_53,38_53,1
37_54,37_55,1
37_54,38_54,1
37_55,37_56,1
37_55,38_55,1
37_56,37_57,1
37_56,38_56,1
37_57,37_58,1
37_57,38_57,1
37_58,37_59,1
37_58,38_58,1
37_59,37_60,1
37_59,38_59,1
37_60,37_61,1
37_60,38_60,1
37_61,37_62,1
37_61,38_61,1
37_62,37_63,1
37_62,38_62,1
37_63,37_64,1
37_63,38_63,1
37_64,37_65,1
37_64,38_64,1
37_65,37_66,1
37_65,38_65,1
37_66,37_67,1
37_66,38_66,1
37_67,37_68,1
37_67,38_67,1
37_68,37_69,1
37_68,38_68,1
37_69,37_70,1
37_69,38_69,1
37_70,37_71,1
37_70,38_70,1
37_71,37_72,1
37_71,38_71,1
37_72,37_73,1
37_72,38_72,1
37_73,37_74,1
37_73,38_73,1
37_74,37_75,1
37_74,38_74,1
37_75,37_76,1
37_75,38_75,1
37_76,37_77,1
37_76,38_76,1
37_77,37_78,1
37_77,38_77,1
37_78,38_78,1
38_1,38_2,1
38_1,39_1,1
38_2,38_3,1
38_2,39_2,1
38_3,38_4,1
38_3,39_3,1
38_4,38_5,1
38_4,39_4,1
38_5,38_6,1
38_5,39_5,1
38_6,38_7,1
38_6,39_6,1
38_7,38_8,1
38_7,39_7,1
38_8,38_9,1
38_8,39_8,1
38_9,38_10,1
38_9,39_9,1
38_10,38_11,1
38_10,39_10,1
38_11,38_12,1
38_11,39_11,1
38_12,38_13,1
38_12,39_12,1
38_13,38_14,1
38_13,39_13,1
38_14,38_15,1
38_14,39_14,1
38_15,38_16,1
38_15,39_15,1
38_16,38_17,1
38_16,39_16,1
38_17,38_18,1
38_17,39_17,1
38_18,38_19,1
38_18,39_18,1
38_19,38_20,1
38_19,39_19,1
38_20,38_21,1
38_20,39_20,1
38_21,38_22,1
38_21,39_21,1
38_22,38_23,1
38_22,39_22,1
38_23,38_24,1
38_23,39_23,1
38_24,38_25,1
38_24,39_24,1
38_25,38_26,1
38_25,39_25,1
38_26,38_27,1
38_26,39_26,1
38_27,38_28,1
38_27,39_27,1
38_28,38_29,1
38_28,39_28,1
38_29,38_30,1
38_29,39_29,1
38_30,38_31,1
38_30,39_30,1
38_31,38_32,1
38_31,39_31,1
38_32,38_33,1
38_32,39_32,1
38_33,38_34,1
38_33,39_33,1
38_34,39_34,1
38_45,38_46,1
38_45,39_45,1
38_46,38_47,1
38_46,39_46,1
38_47,38_48,1
38_47,39_47,1
38_48,38_49,1
38_48,39_48,1
38_49,38_50,1
38_49,39_49,1
38_50,38_51,1
38_50,39_50,1
38_51,38_52,1
38_51,39_51,1
38_52,38_53,1
38_52,39_52,1
38_53,38_54,1
38_53,39_53,1
38_54,38_55,1
38_54,39_54,1
38_55,38_56,1
38_55,39_55,1
38_56,38_57,1
38_56,39_56,1
38_57,38_58,1
38_57,39_57,1
38_58,38_59,1
38_58,39_58,1
38_59,38_60,1
38_59,39_59,1
38_60,38_61,1
38_60,39_60,1
38_61,38_62,1
38_61,39_61,1
38_62,38_63,1
38_62,39_62,1
38_63,38_64,1
38_63,39_63,1
38_64,38_65,1
38_64,39_64,1
38_65,38_66,1
38_65,39_65,1
38_66,38_67,1
38_66,39_66,1
38_67,38_68,1
38_67,39_67,1
38_68,38_69,1
38_68,39_68,1
38_69,38_70,1
38_69,39_69,1
38_70,38_71,1
38_70,39_70,1
38_71,38_72,1
38_71,39_71,1
38_72,38_73,1
38_72,39_72,1
38_73,38_74,1
38_73,39_73,1
38_74,38_75,1
38_74,39_74,1
38_75,38_76,1
38_75,39_75,1
38_76,38_77,1
38_76,39_76,1
38_77,38_78,1
38_77,39_77,1
38_78,39_78,1
39_1,39_2,1
39_1,40_1,1
39_2,39_3,1
39_2,40_2,1
39_3,39_4,1
39_3,40_3,1
39_4,39_5,1
39_4,40_4,1
39_5,39_6,1
39_5,40_5,1
39_6,39_7,1
39_6,40_6,1
39_7,39_8,1
39_7,40_7,1
39_8,39_9,1
39_8,40_8,1
39_9,39_10,1
39_9,40_9,1
39_10,39_11,1
39_10,40_10,1
39_11,39_12,1
39_11,40_11,1
39_12,39_13,1
39_12,40_12,1
39_13,39_14,1
39_13,40_13,1
39_14,39_15,1
39_14,40_14,1
39_15,39_16,1
39_15,40_15,1
39_16,39_17,1
39_16,40_16,1
39_17,39_18,1
39_17,40_17,1
39_18,39_19,1
39_18,40_18,1
39_19,39_20,1
39_19,40_19,1
39_20,39_21,1
39_20,40_20,1
39_21,39_22,1
39_21,40_21,1
39_22,39_23,1
39_22,40_22,1
39_23,39_24,1
39_23,40_23,1
39_24,39_25,1
39_24,40_24,1
39_25,39_26,1
39_25,40_25,1
39_26,39_27,1
39_26,40_26,1
39_27,39_28,1
39_27,40_27,1
39_28,39_29,1
39_28,40_28,1
39_29,39_30,1
39_30,39_31,1
39_31,39_32,1
39_32,39_33,1
39_33,39_34,1
39_34,39_35,1
39_35,39_36,1
39_36,39_37,1
39_37,39_38,1
39_38,39_39,1
39_39,39_40,1
39_39,40_39,1
39_40,39_41,1
39_40,40_40,1
39_41,39_42,1
39_41,40_41,1
39_42,39_43,1
39_42,40_42,1
39_43,39_44,1
39_43,40_43,1
39_44,39_45,1
39_44,40_44,1
39_45,39_46,1
39_45,40_45,1
39_46,39_47,1
39_46,40_46,1
39_47,39_48,1
39_47,40_47,1
39_48,39_49,1
39_48,40_48,1
39_49,39_50,1
39_49,40_49,1
39_50,39_51,1
39_50,40_50,1
39_51,39_52,1
39_51,40_51,1
39_52,39_53,1
39_52,40_52,1
39_53,39_54,1
39_53,40_53,1
39_54,39_55,1
39_54,40_54,1
39_55,39_56,1
39_55,40_55,1
39_56,39_57,1
39_56,40_56,1
39_57,39_58,1
39_57,40_57,1
39_58,39_59,1
39_58,40_58,1
39_59,39_60,1
39_59,40_59,1
39_60,39_61,1
39_60,40_60,1
39_61,39_62,1
39_61,40_61,1
39_62,39_63,1
39_62,40_62,1
39_63,39_64,1
39_63,40_63,1
39_64,39_65,1
39_64,40_64,1
39_65,39_66,1
39_65,40_65,1
39_66,39_67,1
39_66,40_66,1
39_67,39_68,1
39_67,40_67,1
39_68,39_69,1
39_68,40_68,1
39_69,39_70,1
39_69,40_69,1
39_70,39_71,1
39_70,40_70,1
39_71,39_72,1
39_71,40_71,1
39_72,39_73,1
39_72,40_72,1
39_73,39_74,1
39_73,40_73,1
39_74,39_75,1
39_74,40_74,1
39_75,39_76,1
39_75,40_75,1
39_76,39_77,1
39_76,40_76,1
39_77,39_78,1
39_77,40_77,1
39_78,40_78,1
40_1,40_2,1
40_1,41_1,1
40_2,40_3,1
40_2,41_2,1
40_3,40_4,1
40_3,41_3,1
40_4,40_5,1
40_4,41_4,1
40_5,40_6,1
40_5,41_5,1
40_6,40_7,1
40_6,41_6,1
40_7,40_8,1
40_7,41_7,1
40_8,40_9,1
40_8,41_8,1
40_9,40_10,1
40_9,41_9,1
40_10,40_11,1
40_10,41_10,1
40_11,40_12,1
40_11,41_11,1
40_12,40_13,1
40_12,41_12,1
40_13,40_14,1
40_13,41_13,1
40_14,40_15,1
40_14,41_14,1
40_15,40_16,1
40_15,41_15,1
40_16,40_17,1
40_16,41_16,1
40_17,40_18,1
40_17,41_17,1
40_18,40_19,1
40_18,41_18,1
40_19,40_20,1
40_19,41_19,1
40_20,40_21,1
40_20,41_20,1
40_21,40_22,1
40_21,41_21,1
40_22,40_23,1
40_22,41_22,1
40_23,40_24,1
40_23,41_23,1
40_24,40_25,1
40_24,41_24,1
40_25,40_26,1
40_25,41_25,1
40_26,40_27,1
40_26,41_26,1
40_27,40_28,1
40_27,41_27,1
40_28,41_28,1
40_39,40_40,1
40_39,41_39,1
40_40,40_41,1
40_40,41_40,1
40_41,40_42,1
40_41,41_41,1
40_42,40_43,1
40_42,41_42,1
40_43,40_44,1
40_43,41_43,1
40_44,40_45,1
40_44,41_44,1
40_45,40_46,1
40_45,41_45,1
40_46,40_47,1
40_46,41_46,1
40_47,40_48,1
40_47,41_47,1
40_48,40_49,1
40_48,41_48,1
40_49,40_50,1
40_49,41_49,1
40_50,40_51,1
40_50,41_50,1
40_51,40_52,1
40_51,41_51,1
40_52,40_53,1
40_52,41_52,1
40_53,40_54,1
40_53,41_53,1
40_54,40_55,1
40_54,41_54,1
40_55,40_56,1
40_55,41_55,1
40_56,40_57,1
40_56,41_56,1
40_57,40_58,1
40_57,41_57,1
40_58,40_59,1
40_58,41_58,1
40_59,40_60,1
40_59,41_59,1
40_60,40_61,1
40_60,41_60,1
40_61,40_62,1
40_62,40_63,1
40_63,40_64,1
40_64,40_65,1
40_65,40_66,1
40_66,40_67,1
40_66,41_66,1
40_67,40_68,1
40_67,41_67,1
40_68,40_69,1
40_68,41_68,1
40_69,40_70,1
40_69,41_69,1
40_70,40_71,1
40_70,41_70,1
40_71,40_72,1
40_71,41_71,1
40_72,40_73,1
40_72,41_72,1
40_73,40_74,1
40_73,41_73,1
40_74,40_75,1
40_74,41_74,1
40_75,40_76,1
40_75,41_75,1
40_76,40_77,1
40_76,41_76,1
40_77,40_78,1
40_77,41_77,1
40_78,41_78,1
41_1,41_2,1
41_1,42_1,1
41_2,41_3,1
41_2,42_2,1
41_3,41_4,1
41_3,42_3,1
41_4,41_5,1
41_4,42_4,1
41_5,41_6,1
41_5,42_5,1
41_6,41_7,1
41_6,42_6,1
41_7,41_8,1
41_7,42_7,1
41_8,41_9,1
41_8,42_8,1
41_9,41_10,1
41_9,42_9,1
41_10,41_11,1
41_10,42_10,1
41_11,41_12,1
41_11,42_11,1
41_12,41_13,1
41_12,42_12,1
41_13,41_14,1
41_13,42_13,1
41_14,41_15,1
41_14,42_14,1
41_15,41_16,1
41_15,42_15,1
41_16,41_17,1
41_16,42_16,1
41_17,41_18,1
41_17,42_17,1
41_18,41_19,1
41_18,42_18,1
41_19,41_20,1
41_19,42_19,1
41_20,41_21,1
41_20,42_20,1
41_21,41_22,1
41_21,42_21,1
41_22,41_23,1
41_22,42_22,1
41_23,41_24,1
41_23,42_23,1
41_24,41_25,1
41_24,42_24,1
41_25,41_26,1
41_25,42_25,1
41_26,41_27,1
41_26,42_26,1
41_27,41_28,1
41_27,42_27,1
41_28,41_29,1
41_28,42_28,1
41_29,41_30,1
41_29,42_29,1
41_30,41_31,1
41_30,42_30,1
41_31,41_32,1
41_31,42_31,1
41_32,41_33,1
41_32,42_32,1
41_33,41_34,1
41_33,42_33,1
41_34,41_35,1
41_34,42_34,1
41_35,41_36,1
41_35,42_35,1
41_36,41_37,1
41_36,42_36,1
41_37,41_38,1
41_37,42_37,1
41_38,41_39,1
41_38,42_38,1
41_39,41_40,1
41_39,42_39,1
41_40,41_41,1
41_40,42_40,1
41_41,41_42,1
41_41,42_41,1
41_42,41_43,1
41_42,42_42,1
41_43,41_44,1
41_43,42_43,1
41_44,41_45,1
41_44,42_44,1
41_45,41_46,1
41_45,42_45,1
41_46,41_47,1
41_46,42_46,1
41_47,41_48,1
41_47,42_47,1
41_48,41_49,1
41_48,42_48,1
41_49,41_50,1
41_49,42_49,1
41_50,41_51,1
41_50,42_50,1
41_51,41_52,1
41_51,42_51,1
41_52,41_53,1
41_52,42_52,1
41_53,41_54,1
41_53,42_53,1
41_54,41_55,1
41_54,42_54,1
41_55,41_56,1
41_55,42_55,1
41_56,41_57,1
41_56,42_56,1
41_57,41_58,1
41_57,42_57,1
41_58,41_59,1
41_58,42_58,1
41_59,41_60,1
41_59,42_59,1
41_60,42_60,1
41_66,41_67,1
41_66,42_66,1
41_67,41_68,1
41_67,42_67,1
41_68,41_69,1
41_68,42_68,1
41_69,41_70,1
41_69,42_69,1
41_70,41_71,1
41_70,42_70,1
41_71,41_72,1
41_71,42_71,1
41_72,41_73,1
41_72,42_72,1
41_73,41_74,1
41_73,42_73,1
41_74,41_75,1
41_74,42_74,1
41_75,41_76,1
41_75,42_75,1
41_76,41_77,1
41_76,42_76,1
41_77,41_78,1
41_77,42_77,1
41_78,42_78,1
42_1,42_2,1
42_1,43_1,1
42_2,42_3,1
42_2,43_2,1
42_3,42_4,1
42_3,43_3,1
42_4,42_5,1
42_4,43_4,1
42_5,42_6,1
42_5,43_5,1
42_6,42_7,1
42_6,43_6,1
42_7,42_8,1
42_7,43_7,1
42_8,42_9,1
42_8,43_8,1
42_9,42_10,1
42_9,43_9,1
42_10,42_11,1
42_10,43_10,1
42_11,42_12,1
42_11,43_11,1
42_12,42_13,1
42_12,43_12,1
42_13,42_14,1
42_13,43_13,1
42_14,42_15,1
42_14,43_14,1
42_15,42_16,1
42_15,43_15,1
42_16,42_17,1
42_16,43_16,1
42_17,42_18,1
42_17,43_17,1
42_18,42_19,1
42_18,43_18,1
42_19,42_20,1
42_19,43_19,1
42_20,42_21,1
42_20,43_20,1
42_21,42_22,1
42_21,43_21,1
42_22,42_23,1
42_22,43_22,1
42_23,42_24,1
42_23,43_23,1
42_24,42_25,1
42_24,43_24,1
42_25,42_26,1
42_25,43_25,1
42_26,42_27,1
42_26,43_26,1
42_27,42_28,1
42_27,43_27,1
42_28,42_29,1
42_28,43_28,1
42_29,42_30,1
42_29,43_29,1
42_30,42_31,1
42_30,43_30,1
42_31,42_32,1
42_31,43_31,1
42_32,42_33,1
42_32,43_32,1
42_33,42_34,1
42_33,43_33,1
42_34,42_35,1
42_34,43_34,1
42_35,42_36,1
42_35,43_35,1
42_36,42_37,1
42_36,43_36,1
42_37,42_38,1
42_37,43_37,1
42_38,42_39,1
42_38,43_38,1
42_39,42_40,1
42_39,43_39,1
42_40,42_41,1
42_40,43_40,1
42_41,42_42,1
42_41,43_41,1
42_42,42_43,1
42_42,43_42,1
42_43,42_44,1
42_43,43_43,1
42_44,42_45,1
42_44,43_44,1
42_45,42_46,1
42_45,43_45,1
42_46,42_47,1
42_46,43_46,1
42_47,42_48,1
42_47,43_47,1
42_48,42_49,1
42_48,43_48,1
42_49,42_50,1
42_49,43_49,1
42_50,42_51,1
42_50,43_50,1
42_51,42_52,1
42_51,43_51,1
42_52,42_53,1
42_52,43_52,1
42_53,42_54,1
42_54,42_55,1
42_54,43_54,1
42_55,42_56,1
42_55,43_55,1
42_56,42_57,1
42_56,43_56,1
42_57,42_58,1
42_57,43_57,1
42_58,42_59,1
42_58,43_58,1
42_59,42_60,1
42_59,43_59,1
42_60,43_60,1
42_62,42_63,1
42_62,43_62,1
42_63,42_64,1
42_63,43_63,1
42_64,42_65,1
42_64,43_64,1
42_65,42_66,1
42_65,43_65,1
42_66,42_67,1
42_66,43_66,1
42_67,42_68,1
42_67,43_67,1
42_68,42_69,1
42_68,43_68,1
42_69,42_70,1
42_69,43_69,1
42_70,42_71,1
42_70,43_70,1
42_71,42_72,1
42_71,43_71,1
42_72,42_73,1
42_72,43_72,1
42_73,42_74,1
42_73,43_73,1
42_74,42_75,1
42_74,43_74,1
42_75,42_76,1
42_75,43_75,1
42_76,42_77,1
42_76,43_76,1
42_77,42_78,1
42_77,43_77,1
42_78,43_78,1
43_1,43_2,1
43_1,44_1,1
43_2,43_3,1
43_2,44_2,1
43_3,43_4,1
43_3,44_3,1
43_4,43_5,1
43_4,44_4,1
43_5,43_6,1
43_5,44_5,1
43_6,43_7,1
43_6,44_6,1
43_7,43_8,1
43_7,44_7,1
43_8,43_9,1
43_8,44_8,1
43_9,43_10,1
43_9,44_9,1
43_10,43_11,1
43_10,44_10,1
43_11,43_12,1
43_11,44_11,1
43_12,43_13,1
43_12,44_12,1
43_13,43_14,1
43_13,44_13,1
43_14,43_15,1
43_14,44_14,1
43_15,43_16,1
43_15,44_15,1
43_16,43_17,1
43_16,44_16,1
43_17,43_18,1
43_18,43_19,1
43_19,43_20,1
43_20,43_21,1
43_21,43_22,1
43_22,43_23,1
43_22,44_22,1
43_23,43_24,1
43_23,44_23,1
43_24,43_25,1
43_24,44_24,1
43_25,43_26,1
43_25,44_25,1
43_26,43_27,1
43_26,44_26,1
43_27,43_28,1
43_27,44_27,1
43_28,43_29,1
43_28,44_28,1
43_29,43_30,1
43_29,44_29,1
43_30,43_31,1
43_30,44_30,1
43_31,43_32,1
43_31,44_31,1
43_32,43_33,1
43_32,44_32,1
43_33,43_34,1
43_33,44_33,1
43_34,43_35,1
43_34,44_34,1
43_35,43_36,1
43_35,44_35,1
43_36,43_37,1
43_36,44_36,1
43_37,43_38,1
43_37,44_37,1
43_38,43_39,1
43_38,44_38,1
43_39,43_40,1
43_39,44_39,1
43_40,43_41,1
43_40,44_40,1
43_41,43_42,1
43_41,44_41,1
43_42,43_43,1
43_42,44_42,1
43_43,43_44,1
43_43,44_43,1
43_44,43_45,1
43_44,44_44,1
43_45,43_46,1
43_45,44_45,1
43_46,43_47,1
43_46,44_46,1
43_47,43_48,1
43_47,44_47,1
43_48,43_49,1
43_48,44_48,1
43_49,43_50,1
43_49,44_49,1
43_50,43_51,1
43_50,44_50,1
43_51,43_52,1
43_51,44_51,1
43_52,44_52,1
43_54,43_55,1
43_54,44_54,1
43_55,43_56,1
43_55,44_55,1
43_56,43_57,1
43_56,44_56,1
43_57,43_58,1
43_57,44_57,1
43_58,43_59,1
43_58,44_58,1
43_59,43_60,1
43_59,44_59,1
43_60,44_60,1
43_62,43_63,1
43_62,44_62,1
43_63,43_64,1
43_63,44_63,1
43_64,43_65,1
43_64,44_64,1
43_65,43_66,1
43_65,44_65,1
43_66,43_67,1
43_66,44_66,1
43_67,43_68,1
43_67,44_67,1
43_68,43_69,1
43_68,44_68,1
43_69,43_70,1
43_69,44_69,1
43_70,43_71,1
43_70,44_70,1
43_71,43_72,1
43_71,44_71,1
43_72,43_73,1
43_72,44_72,1
43_73,43_74,1
43_73,44_73,1
43_74,43_75,1
43_74,44_74,1
43_75,43_76,1
43_75,44_75,1
43_76,43_77,1
43_76,44_76,1
43_77,43_78,1
43_77,44_77,1
43_78,44_78,1
44_1,44_2,1
44_1,45_1,1
44_2,44_3,1
44_2,45_2,1
44_3,44_4,1
44_3,45_3,1
44_4,44_5,1
44_4,45_4,1
44_5,44_6,1
44_5,45_5,1
44_6,44_7,1
44_6,45_6,1
44_7,44_8,1
44_7,45_7,1
44_8,44_9,1
44_8,45_8,1
44_9,44_10,1
44_9,45_9,1
44_10,44_11,1
44_10,45_10,1
44_11,44_12,1
44_11,45_11,1
44_12,44_13,1
44_12,45_12,1
44_13,44_14,1
44_13,45_13,1
44_14,44_15,1
44_14,45_14,1
44_15,44_16,1
44_15,45_15,1
44_16,45_16,1
44_22,44_23,1
44_22,45_22,1
44_23,44_24,1
44_23,45_23,1
44_24,44_25,1
44_24,45_24,1
44_25,44_26,1
44_26,44_27,1
44_27,44_28,1
44_28,44_29,1
44_29,44_30,1
44_30,44_31,1
44_31,44_32,1
44_32,44_33,1
44_33,44_34,1
44_34,44_35,1
44_34,45_34,1
44_35,44_36,1
44_35,45_35,1
44_36,44_37,1
44_36,45_36,1
44_37,44_38,1
44_37,45_37,1
44_38,44_39,1
44_38,45_38,1
44_39,44_40,1
44_39,45_39,1
44_40,44_41,1
44_40,45_40,1
44_41,44_42,1
44_41,45_41,1
44_42,44_43,1
44_42,45_42,1
44_43,44_44,1
44_43,45_43,1
44_44,44_45,1
44_44,45_44,1
44_45,44_46,1
44_45,45_45,1
44_46,44_47,1
44_46,45_46,1
44_47,44_48,1
44_47,45_47,1
44_48,44_49,1
44_48,45_48,1
44_49,44_50,1
44_49,45_49,1
44_50,44_51,1
44_50,45_50,1
44_51,44_52,1
44_51,45_51,1
44_52,45_52,1
44_54,44_55,1
44_54,45_54,1
44_55,44_56,1
44_55,45_55,1
44_56,44_57,1
44_56,45_56,1
44_57,44_58,1
44_57,45_57,1
44_58,44_59,1
44_58,45_58,1
44_59,44_60,1
44_59,45_59,1
44_60,45_60,1
44_62,44_63,1
44_62,45_62,1
44_63,44_64,1
44_63,45_63,1
44_64,44_65,1
44_64,45_64,1
44_65,44_66,1
44_65,45_65,1
44_66,44_67,1
44_66,45_66,1
44_67,44_68,1
44_67,45_67,1
44_68,44_69,1
44_68,45_68,1
44_69,44_70,1
44_69,45_69,1
44_70,44_71,1
44_70,45_70,1
44_71,44_72,1
44_71,45_71,1
44_72,44_73,1
44_72,45_72,1
44_73,44_74,1
44_73,45_73,1
44_74,44_75,1
44_74,45_74,1
44_75,44_76,1
44_75,45_75,1
44_76,44_77,1
44_76,45_76,1
44_77,44_78,1
44_77,45_77,1
44_78,45_78,1
45_1,45_2,1
45_1,46_1,1
45_2,45_3,1
45_2,46_2,1
45_3,45_4,1
45_4,45_5,1
45_5,45_6,1
45_6,45_7,1
45_6,46_6,1
45_7,45_8,1
45_7,46_7,1
45_8,45_9,1
45_8,46_8,1
45_9,45_10,1
45_9,46_9,1
45_10,45_11,1
45_10,46_10,1
45_11,45_12,1
45_11,46_11,1
45_12,45_13,1
45_12,46_12,1
45_13,45_14,1
45_13,46_13,1
45_14,45_15,1
45_14,46_14,1
45_15,45_16,1
45_15,46_15,1
45_16,46_16,1
45_18,45_19,1
45_18,46_18,1
45_19,45_20,1
45_19,46_19,1
45_20,45_21,1
45_20,46_20,1
45_21,45_22,1
45_21,46_21,1
45_22,45_23,1
45_22,46_22,1
45_23,45_24,1
45_23,46_23,1
45_24,46_24,1
45_34,45_35,1
45_34,46_34,1
45_35,45_36,1
45_35,46_35,1
45_36,45_37,1
45_36,46_36,1
45_37,45_38,1
45_37,46_37,1
45_38,45_39,1
45_38,46_38,1
45_39,45_40,1
45_39,46_39,1
45_40,45_41,1
45_40,46_40,1
45_41,45_42,1
45_41,46_41,1
45_42,45_43,1
45_42,46_42,1
45_43,45_44,1
45_43,46_43,1
45_44,45_45,1
45_44,46_44,1
45_45,45_46,1
45_45,46_45,1
45_46,45_47,1
45_46,46_46,1
45_47,45_48,1
45_47,46_47,1
45_48,45_49,1
45_48,46_48,1
45_49,45_50,1
45_49,46_49,1
45_50,45_51,1
45_50,46_50,1
45_51,45_52,1
45_51,46_51,1
45_52,46_52,1
45_54,45_55,1
45_54,46_54,1
45_55,45_56,1
45_55,46_55,1
45_56,45_57,1
45_56,46_56,1
45_57,45_58,1
45_57,46_57,1
45_58,45_59,1
45_58,46_58,1
45_59,45_60,1
45_59,46_59,1
45_60,46_60,1
45_62,45_63,1
45_62,46_62,1
45_63,45_64,1
45_63,46_63,1
45_64,45_65,1
45_64,46_64,1
45_65,45_66,1
45_65,46_65,1
45_66,45_67,1
45_66,46_66,1
45_67,45_68,1
45_67,46_67,1
45_68,45_69,1
45_68,46_68,1
45_69,45_70,1
45_69,46_69,1
45_70,45_71,1
45_70,46_70,1
45_71,45_72,1
45_71,46_71,1
45_72,45_73,1
45_72,46_72,1
45_73,45_74,1
45_73,46_73,1
45_74,45_75,1
45_74,46_74,1
45_75,45_76,1
45_75,46_75,1
45_76,45_77,1
45_76,46_76,1
45_77,45_78,1
45_77,46_77,1
45_78,46_78,1
46_1,46_2,1
46_1,47_1,1
46_2,47_2,1
46_6,46_7,1
46_6,47_6,1
46_7,46_8,1
46_7,47_7,1
46_8,46_9,1
46_8,47_8,1
46_9,46_10,1
46_9,47_9,1
46_10,46_11,1
46_10,47_10,1
46_11,46_12,1
46_11,47_11,1
46_12,46_13,1
46_12,47_12,1
46_13,46_14,1
46_13,47_13,1
46_14,46_15,1
46_14,47_14,1
46_15,46_16,1
46_15,47_15,1
46_16,47_16,1
46_18,46_19,1
46_18,47_18,1
46_19,46_20,1
46_19,47_19,1
46_20,46_21,1
46_20,47_20,1
46_21,46_22,1
46_21,47_21,1
46_22,46_23,1
46_22,47_22,1
46_23,46_24,1
46_23,47_23,1
46_24,46_25,1
46_24,47_24,1
46_25,46_26,1
46_25,47_25,1
46_26,46_27,1
46_26,47_26,1
46_27,46_28,1
46_27,47_27,1
46_28,46_29,1
46_28,47_28,1
46_29,46_30,1
46_29,47_29,1
46_30,46_31,1
46_30,47_30,1
46_31,46_32,1
46_31,47_31,1
46_32,46_33,1
46_32,47_32,1
46_33,46_34,1
46_33,47_33,1
46_34,46_35,1
46_34,47_34,1
46_35,46_36,1
46_35,47_35,1
46_36,46_37,1
46_36,47_36,1
46_37,46_38,1
46_37,47_37,1
46_38,46_39,1
46_38,47_38,1
46_39,46_40,1
46_39,47_39,1
46_40,46_41,1
46_40,47_40,1
46_41,46_42,1
46_41,47_41,1
46_42,46_43,1
46_42,47_42,1
46_43,46_44,1
46_43,47_43,1
46_44,46_45,1
46_44,47_44,1
46_45,46_46,1
46_45,47_45,1
46_46,46_47,1
46_46,47_46,1
46_47,46_48,1
46_47,47_47,1
46_48,46_49,1
46_48,47_48,1
46_49,46_50,1
46_49,47_49,1
46_50,46_51,1
46_50,47_50,1
46_51,46_52,1
46_51,47_51,1
46_52,47_52,1
46_54,46_55,1
46_54,47_54,1
46_55,46_56,1
46_55,47_55,1
46_56,46_57,1
46_56,47_56,1
46_57,46_58,1
46_57,47_57,1
46_58,46_59,1
46_58,47_58,1
46_59,46_60,1
46_59,47_59,1
46_60,46_61,1
46_60,47_60,1
46_61,46_62,1
46_61,47_61,1
46_62,46_63,1
46_62,47_62,1
46_63,46_64,1
46_63,47_63,1
46_64,46_65,1
46_64,47_64,1
46_65,46_66,1
46_65,47_65,1
46_66,46_67,1
46_66,47_66,1
46_67,46_68,1
46_67,47_67,1
46_68,46_69,1
46_68,47_68,1
46_69,46_70,1
46_69,47_69,1
46_70,46_71,1
46_70,47_70,1
46_71,46_72,1
46_71,47_71,1
46_72,46_73,1
46_72,47_72,1
46_73,46_74,1
46_73,47_73,1
46_74,46_75,1
46_74,47_74,1
46_75,46_76,1
46_75,47_75,1
46_76,46_77,1
46_76,47_76,1
46_77,46_78,1
46_77,47_77,1
46_78,47_78,1
47_1,47_2,1
47_1,48_1,1
47_2,48_2,1
47_4,47_5,1
47_4,48_4,1
47_5,47_6,1
47_5,48_5,1
47_6,47_7,1
47_6,48_6,1
47_7,47_8,1
47_7,48_7,1
47_8,47_9,1
47_8,48_8,1
47_9,47_10,1
47_9,48_9,1
47_10,47_11,1
47_10,48_10,1
47_11,47_12,1
47_11,48_11,1
47_12,47_13,1
47_12,48_12,1
47_13,47_14,1
47_13,48_13,1
47_14,47_15,1
47_14,48_14,1
47_15,47_16,1
47_15,48_15,1
47_16,48_16,1
47_18,47_19,1
47_18,48_18,1
47_19,47_20,1
47_19,48_19,1
47_20,47_21,1
47_20,48_20,1
47_21,47_22,1
47_21,48_21,1
47_22,47_23,1
47_22,48_22,1
47_23,47_24,1
47_23,48_23,1
47_24,47_25,1
47_24,48_24,1
47_25,47_26,1
47_25,48_25,1
47_26,47_27,1
47_26,48_26,1
47_27,47_28,1
47_27,48_27,1
47_28,47_29,1
47_28,48_28,1
47_29,47_30,1
47_29,48_29,1
47_30,47_31,1
47_30,48_30,1
47_31,47_32,1
47_31,48_31,1
47_32,47_33,1
47_32,48_32,1
47_33,47_34,1
47_33,48_33,1
47_34,47_35,1
47_34,48_34,1
47_35,47_36,1
47_35,48_35,1
47_36,47_37,1
47_37,47_38,1
47_37,48_37,1
47_38,47_39,1
47_38,48_38,1
47_39,47_40,1
47_39,48_39,1
47_40,47_41,1
47_40,48_40,1
47_41,47_42,1
47_41,48_41,1
47_42,47_43,1
47_42,48_42,1
47_43,47_44,1
47_43,48_43,1
47_44,47_45,1
47_44,48_44,1
47_45,47_46,1
47_45,48_45,1
47_46,47_47,1
47_46,48_46,1
47_47,47_48,1
47_47,48_47,1
47_48,47_49,1
47_48,48_48,1
47_49,47_50,1
47_49,48_49,1
47_50,47_51,1
47_50,48_50,1
47_51,47_52,1
47_51,48_51,1
47_52,48_52,1
47_54,47_55,1
47_54,48_54,1
47_55,47_56,1
47_55,48_55,1
47_56,47_57,1
47_56,48_56,1
47_57,47_58,1
47_57,48_57,1
47_58,47_59,1
47_58,48_58,1
47_59,47_60,1
47_59,48_59,1
47_60,47_61,1
47_60,48_60,1
47_61,47_62,1
47_61,48_61,1
47_62,47_63,1
47_62,48_62,1
47_63,47_64,1
47_63,48_63,1
47_64,47_65,1
47_64,48_64,1
47_65,47_66,1
47_65,48_65,1
47_66,47_67,1
47_66,48_66,1
47_67,47_68,1
47_67,48_67,1
47_68,47_69,1
47_68,48_68,1
47_69,47_70,1
47_69,48_69,1
47_70,47_71,1
47_70,48_70,1
47_71,47_72,1
47_71,48_71,1
47_72,47_73,1
47_72,48_72,1
47_73,47_74,1
47_73,48_73,1
47_74,47_75,1
47_74,48_74,1
47_75,47_76,1
47_75,48_75,1
47_76,47_77,1
47_76,48_76,1
47_77,47_78,1
47_77,48_77,1
47_78,48_78,1
48_1,48_2,1
48_1,49_1,1
48_2,49_2,1
48_4,48_5,1
48_4,49_4,1
48_5,48_6,1
48_5,49_5,1
48_6,48_7,1
48_6,49_6,1
48_7,48_8,1
48_7,49_7,1
48_8,48_9,1
48_8,49_8,1
48_9,48_10,1
48_9,49_9,1
48_10,48_11,1
48_10,49_10,1
48_11,48_12,1
48_11,49_11,1
48_12,48_13,1
48_12,49_12,1
48_13,48_14,1
48_13,49_13,1
48_14,48_15,1
48_14,49_14,1
48_15,48_16,1
48_15,49_15,1
48_16,49_16,1
48_18,48_19,1
48_18,49_18,1
48_19,48_20,1
48_19,49_19,1
48_20,48_21,1
48_20,49_20,1
48_21,48_22,1
48_21,49_21,1
48_22,48_23,1
48_22,49_22,1
48_23,48_24,1
48_24,48_25,1
48_25,48_26,1
48_26,48_27,1
48_26,49_26,1
48_27,48_28,1
48_27,49_27,1
48_28,48_29,1
48_28,49_28,1
48_29,48_30,1
48_29,49_29,1
48_30,48_31,1
48_30,49_30,1
48_31,48_32,1
48_31,49_31,1
48_32,48_33,1
48_32,49_32,1
48_33,48_34,1
48_33,49_33,1
48_34,48_35,1
48_34,49_34,1
48_35,49_35,1
48_37,48_38,1
48_37,49_37,1
48_38,48_39,1
48_38,49_38,1
48_39,48_40,1
48_39,49_39,1
48_40,48_41,1
48_40,49_40,1
48_41,48_42,1
48_41,49_41,1
48_42,48_43,1
48_42,49_42,1
48_43,48_44,1
48_43,49_43,1
48_44,48_45,1
48_44,49_44,1
48_45,48_46,1
48_45,49_45,1
48_46,48_47,1
48_46,49_46,1
48_47,48_48,1
48_47,49_47,1
48_48,48_49,1
48_48,49_48,1
48_49,48_50,1
48_49,49_49,1
48_50,48_51,1
48_50,49_50,1
48_51,48_52,1
48_51,49_51,1
48_52,48_53,1
48_52,49_52,1
48_53,48_54,1
48_53,49_53,1
48_54,48_55,1
48_54,49_54,1
48_55,48_56,1
48_55,49_55,1
48_56,48_57,1
48_56,49_56,1
48_57,48_58,1
48_57,49_57,1
48_58,48_59,1
48_58,49_58,1
48_59,48_60,1
48_59,49_59,1
48_60,48_61,1
48_60,49_60,1
48_61,48_62,1
48_61,49_61,1
48_62,48_63,1
48_62,49_62,1
48_63,48_64,1
48_63,49_63,1
48_64,48_65,1
48_64,49_64,1
48_65,48_66,1
48_65,49_65,1
48_66,48_67,1
48_66,49_66,1
48_67,48_68,1
48_67,49_67,1
48_68,48_69,1
48_68,49_68,1
48_69,48_70,1
48_69,49_69,1
48_70,48_71,1
48_70,49_70,1
48_71,48_72,1
48_71,49_71,1
48_72,48_73,1
48_72,49_72,1
48_73,48_74,1
48_73,49_73,1
48_74,48_75,1
48_74,49_74,1
48_75,48_76,1
48_75,49_75,1
48_76,48_77,1
48_76,49_76,1
48_77,48_78,1
48_77,49_77,1
48_78,49_78,1
49_1,49_2,1
49_1,50_1,1
49_2,49_3,1
49_2,50_2,1
49_3,49_4,1
49_3,50_3,1
49_4,49_5,1
49_4,50_4,1
49_5,49_6,1
49_5,50_5,1
49_6,49_7,1
49_6,50_6,1
49_7,49_8,1
49_8,49_9,1
49_9,49_10,1
49_10,49_11,1
49_11,49_12,1
49_12,49_13,1
49_13,49_14,1
49_14,49_15,1
49_15,49_16,1
49_15,50_15,1
49_16,50_16,1
49_18,49_19,1
49_18,50_18,1
49_19,49_20,1
49_19,50_19,1
49_20,49_21,1
49_20,50_20,1
49_21,49_22,1
49_21,50_21,1
49_22,50_22,1
49_26,49_27,1
49_26,50_26,1
49_27,49_28,1
49_27,50_27,1
49_28,49_29,1
49_28,50_28,1
49_29,49_30,1
49_29,50_29,1
49_30,49_31,1
49_30,50_30,1
49_31,49_32,1
49_31,50_31,1
49_32,49_33,1
49_32,50_32,1
49_33,49_34,1
49_33,50_33,1
49_34,49_35,1
49_34,50_34,1
49_35,50_35,1
49_37,49_38,1
49_37,50_37,1
49_38,49_39,1
49_38,50_38,1
49_39,49_40,1
49_39,50_39,1
49_40,49_41,1
49_40,50_40,1
49_41,49_42,1
49_41,50_41,1
49_42,49_43,1
49_42,50_42,1
49_43,49_44,1
49_43,50_43,1
49_44,49_45,1
49_44,50_44,1
49_45,49_46,1
49_45,50_45,1
49_46,49_47,1
49_46,50_46,1
49_47,49_48,1
49_47,50_47,1
49_48,49_49,1
49_48,50_48,1
49_49,49_50,1
49_49,50_49,1
49_50,49_51,1
49_50,50_50,1
49_51,49_52,1
49_51,50_51,1
49_52,49_53,1
49_52,50_52,1
49_53,49_54,1
49_53,50_53,1
49_54,49_55,1
49_54,50_54,1
49_55,49_56,1
49_55,50_55,1
49_56,49_57,1
49_56,50_56,1
49_57,49_58,1
49_57,50_57,1
49_58,49_59,1
49_58,50_58,1
49_59,49_60,1
49_59,50_59,1
49_60,49_61,1
49_60,50_60,1
49_61,49_62,1
49_61,50_61,1
49_62,49_63,1
49_62,50_62,1
49_63,49_64,1
49_63,50_63,1
49_64,49_65,1
49_64,50_64,1
49_65,49_66,1
49_65,50_65,1
49_66,49_67,1
49_66,50_66,1
49_67,49_68,1
49_67,50_67,1
49_68,49_69,1
49_68,50_68,1
49_69,49_70,1
49_69,50_69,1
49_70,49_71,1
49_70,50_70,1
49_71,49_72,1
49_71,50_71,1
49_72,49_73,1
49_72,50_72,1
49_73,49_74,1
49_73,50_73,1
49_74,49_75,1
49_74,50_74,1
49_75,49_76,1
49_75,50_75,1
49_76,49_77,1
49_76,50_76,1
49_77,49_78,1
49_77,50_77,1
49_78,50_78,1
50_1,50_2,1
50_1,51_1,1
50_2,50_3,1
50_2,51_2,1
50_3,50_4,1
50_3,51_3,1
50_4,50_5,1
50_4,51_4,1
50_5,50_6,1
50_5,51_5,1
50_6,51_6,1
50_15,50_16,1
50_15,51_15,1
50_16,50_17,1
50_16,51_16,1
50_17,50_18,1
50_17,51_17,1
50_18,50_19,1
50_18,51_18,1
50_19,50_20,1
50_19,51_19,1
50_20,50_21,1
50_20,51_20,1
50_21,50_22,1
50_21,51_21,1
50_22,51_22,1
50_24,50_25,1
50_25,50_26,1
50_26,50_27,1
50_27,50_28,1
50_27,51_27,1
50_28,50_29,1
50_28,51_28,1
50_29,50_30,1
50_29,51_29,1
50_30,50_31,1
50_31,50_32,1
50_31,51_31,1
50_32,50_33,1
50_32,51_32,1
50_33,50_34,1
50_33,51_33,1
50_34,50_35,1
50_34,51_34,1
50_35,51_35,1
50_37,50_38,1
50_37,51_37,1
50_38,50_39,1
50_38,51_38,1
50_39,50_40,1
50_39,51_39,1
50_40,50_41,1
50_40,51_40,1
50_41,50_42,1
50_41,51_41,1
50_42,50_43,1
50_42,51_42,1
50_43,50_44,1
50_43,51_43,1
50_44,50_45,1
50_44,51_44,1
50_45,50_46,1
50_45,51_45,1
50_46,50_47,1
50_46,51_46,1
50_47,50_48,1
50_47,51_47,1
50_48,50_49,1
50_48,51_48,1
50_49,50_50,1
50_49,51_49,1
50_50,50_51,1
50_50,51_50,1
50_51,50_52,1
50_51,51_51,1
50_52,50_53,1
50_52,51_52,1
50_53,50_54,1
50_53,51_53,1
50_54,50_55,1
50_54,51_54,1
50_55,50_56,1
50_55,51_55,1
50_56,50_57,1
50_56,51_56,1
50_57,50_58,1
50_57,51_57,1
50_58,50_59,1
50_58,51_58,1
50_59,50_60,1
50_59,51_59,1
50_60,50_61,1
50_60,51_60,1
50_61,50_62,1
50_61,51_61,1
50_62,50_63,1
50_62,51_62,1
50_63,50_64,1
50_63,51_63,1
50_64,50_65,1
50_64,51_64,1
50_65,50_66,1
50_65,51_65,1
50_66,50_67,1
50_66,51_66,1
50_67,50_68,1
50_67,51_67,1
50_68,50_69,1
50_68,51_68,1
50_69,50_70,1
50_69,51_69,1
50_70,50_71,1
50_70,51_70,1
50_71,50_72,1
50_71,51_71,1
50_72,50_73,1
50_72,51_72,1
50_73,50_74,1
50_73,51_73,1
50_74,50_75,1
50_74,51_74,1
50_75,50_76,1
50_75,51_75,1
50_76,50_77,1
50_76,51_76,1
50_77,50_78,1
50_77,51_77,1
50_78,51_78,1
51_1,51_2,1
51_1,52_1,1
51_2,51_3,1
51_2,52_2,1
51_3,51_4,1
51_3,52_3,1
51_4,51_5,1
51_4,52_4,1
51_5,51_6,1
51_5,52_5,1
51_6,51_7,1
51_6,52_6,1
51_7,51_8,1
51_7,52_7,1
51_8,51_9,1
51_8,52_8,1
51_9,51_10,1
51_9,52_9,1
51_10,51_11,1
51_10,52_10,1
51_11,51_12,1
51_11,52_11,1
51_12,51_13,1
51_12,52_12,1
51_13,51_14,1
51_13,52_13,1
51_14,51_15,1
51_14,52_14,1
51_15,51_16,1
51_15,52_15,1
51_16,51_17,1
51_16,52_16,1
51_17,51_18,1
51_17,52_17,1
51_18,51_19,1
51_18,52_18,1
51_19,51_20,1
51_19,52_19,1
51_20,51_21,1
51_20,52_20,1
51_21,51_22,1
51_21,52_21,1
51_22,52_22,1
51_27,51_28,1
51_27,52_27,1
51_28,51_29,1
51_28,52_28,1
51_29,52_29,1
51_31,51_32,1
51_31,52_31,1
51_32,51_33,1
51_32,52_32,1
51_33,51_34,1
51_33,52_33,1
51_34,51_35,1
51_34,52_34,1
51_35,52_35,1
51_37,51_38,1
51_37,52_37,1
51_38,51_39,1
51_38,52_38,1
51_39,51_40,1
51_39,52_39,1
51_40,51_41,1
51_40,52_40,1
51_41,51_42,1
51_41,52_41,1
51_42,51_43,1
51_42,52_42,1
51_43,51_44,1
51_43,52_43,1
51_44,51_45,1
51_44,52_44,1
51_45,51_46,1
51_45,52_45,1
51_46,51_47,1
51_46,52_46,1
51_47,51_48,1
51_47,52_47,1
51_48,51_49,1
51_48,52_48,1
51_49,51_50,1
51_49,52_49,1
51_50,51_51,1
51_50,52_50,1
51_51,51_52,1
51_51,52_51,1
51_52,51_53,1
51_52,52_52,1
51_53,51_54,1
51_53,52_53,1
51_54,51_55,1
51_54,52_54,1
51_55,51_56,1
51_55,52_55,1
51_56,51_57,1
51_56,52_56,1
51_57,51_58,1
51_57,52_57,1
51_58,51_59,1
51_58,52_58,1
51_59,51_60,1
51_59,52_59,1
51_60,51_61,1
51_60,52_60,1
51_61,51_62,1
51_61,52_61,1
51_62,51_63,1
51_62,52_62,1
51_63,51_64,1
51_63,52_63,1
51_64,51_65,1
51_64,52_64,1
51_65,51_66,1
51_65,52_65,1
51_66,51_67,1
51_66,52_66,1
51_67,51_68,1
51_67,52_67,1
51_68,51_69,1
51_68,52_68,1
51_69,51_70,1
51_69,52_69,1
51_70,51_71,1
51_70,52_70,1
51_71,51_72,1
51_71,52_71,1
51_72,51_73,1
51_72,52_72,1
51_73,51_74,1
51_73,52_73,1
51_74,51_75,1
51_74,52_74,1
51_75,51_76,1
51_75,52_75,1
51_76,51_77,1
51_76,52_76,1
51_77,51_78,1
51_77,52_77,1
51_78,52_78,1
52_1,52_2,1
52_1,53_1,1
52_2,52_3,1
52_2,53_2,1
52_3,52_4,1
52_3,53_3,1
52_4,52_5,1
52_4,53_4,1
52_5,52_6,1
52_5,53_5,1
52_6,52_7,1
52_6,53_6,1
52_7,52_8,1
52_7,53_7,1
52_8,52_9,1
52_8,53_8,1
52_9,52_10,1
52_9,53_9,1
52_10,52_11,1
52_10,53_10,1
52_11,52_12,1
52_11,53_11,1
52_12,52_13,1
52_12,53_12,1
52_13,52_14,1
52_13,53_13,1
52_14,52_15,1
52_14,53_14,1
52_15,52_16,1
52_15,53_15,1
52_16,52_17,1
52_16,53_16,1
52_17,52_18,1
52_17,53_17,1
52_18,52_19,1
52_18,53_18,1
52_19,52_20,1
52_19,53_19,1
52_20,52_21,1
52_20,53_20,1
52_21,52_22,1
52_21,53_21,1
52_22,52_23,1
52_22,53_22,1
52_23,53_23,1
52_25,52_26,1
52_25,53_25,1
52_26,52_27,1
52_26,53_26,1
52_27,52_28,1
52_27,53_27,1
52_28,52_29,1
52_28,53_28,1
52_29,53_29,1
52_31,52_32,1
52_31,53_31,1
52_32,52_33,1
52_32,53_32,1
52_33,52_34,1
52_33,53_33,1
52_34,52_35,1
52_34,53_34,1
52_35,53_35,1
52_37,52_38,1
52_37,53_37,1
52_38,52_39,1
52_38,53_38,1
52_39,52_40,1
52_39,53_39,1
52_40,52_41,1
52_40,53_40,1
52_41,52_42,1
52_41,53_41,1
52_42,52_43,1
52_42,53_42,1
52_43,52_44,1
52_43,53_43,1
52_44,52_45,1
52_44,53_44,1
52_45,52_46,1
52_45,53_45,1
52_46,52_47,1
52_46,53_46,1
52_47,52_48,1
52_47,53_47,1
52_48,52_49,1
52_48,53_48,1
52_49,52_50,1
52_49,53_49,1
52_50,52_51,1
52_50,53_50,1
52_51,52_52,1
52_51,53_51,1
52_52,52_53,1
52_52,53_52,1
52_53,52_54,1
52_53,53_53,1
52_54,52_55,1
52_54,53_54,1
52_55,52_56,1
52_55,53_55,1
52_56,52_57,1
52_56,53_56,1
52_57,52_58,1
52_57,53_57,1
52_58,52_59,1
52_58,53_58,1
52_59,52_60,1
52_59,53_59,1
52_60,52_61,1
52_60,53_60,1
52_61,52_62,1
52_61,53_61,1
52_62,52_63,1
52_62,53_62,1
52_63,52_64,1
52_63,53_63,1
52_64,52_65,1
52_64,53_64,1
52_65,52_66,1
52_65,53_65,1
52_66,52_67,1
52_66,53_66,1
52_67,52_68,1
52_67,53_67,1
52_68,52_69,1
52_68,53_68,1
52_69,52_70,1
52_69,53_69,1
52_70,52_71,1
52_70,53_70,1
52_71,52_72,1
52_71,53_71,1
52_72,52_73,1
52_72,53_72,1
52_73,52_74,1
52_73,53_73,1
52_74,52_75,1
52_74,53_74,1
52_75,52_76,1
52_75,53_75,1
52_76,52_77,1
52_76,53_76,1
52_77,52_78,1
52_77,53_77,1
52_78,53_78,1
53_1,53_2,1
53_1,54_1,1
53_2,53_3,1
53_2,54_2,1
53_3,53_4,1
53_3,54_3,1
53_4,53_5,1
53_4,54_4,1
53_5,53_6,1
53_5,54_5,1
53_6,53_7,1
53_6,54_6,1
53_7,53_8,1
53_7,54_7,1
53_8,53_9,1
53_8,54_8,1
53_9,53_10,1
53_9,54_9,1
53_10,53_11,1
53_10,54_10,1
53_11,53_12,1
53_11,54_11,1
53_12,53_13,1
53_12,54_12,1
53_13,53_14,1
53_13,54_13,1
53_14,53_15,1
53_14,54_14,1
53_15,53_16,1
53_15,54_15,1
53_16,53_17,1
53_16,54_16,1
53_17,53_18,1
53_17,54_17,1
53_18,53_19,1
53_18,54_18,1
53_19,53_20,1
53_19,54_19,1
53_20,53_21,1
53_20,54_20,1
53_21,53_22,1
53_21,54_21,1
53_22,53_23,1
53_22,54_22,1
53_23,54_23,1
53_25,53_26,1
53_25,54_25,1
53_26,53_27,1
53_26,54_26,1
53_27,53_28,1
53_27,54_27,1
53_28,53_29,1
53_28,54_28,1
53_29,54_29,1
53_31,53_32,1
53_31,54_31,1
53_32,53_33,1
53_32,54_32,1
53_33,53_34,1
53_33,54_33,1
53_34,53_35,1
53_34,54_34,1
53_35,53_36,1
53_35,54_35,1
53_36,53_37,1
53_36,54_36,1
53_37,53_38,1
53_37,54_37,1
53_38,53_39,1
53_38,54_38,1
53_39,53_40,1
53_39,54_39,1
53_40,53_41,1
53_40,54_40,1
53_41,53_42,1
53_41,54_41,1
53_42,53_43,1
53_42,54_42,1
53_43,53_44,1
53_43,54_43,1
53_44,53_45,1
53_44,54_44,1
53_45,53_46,1
53_45,54_45,1
53_46,53_47,1
53_46,54_46,1
53_47,53_48,1
53_47,54_47,1
53_48,53_49,1
53_48,54_48,1
53_49,53_50,1
53_49,54_49,1
53_50,53_51,1
53_50,54_50,1
53_51,53_52,1
53_51,54_51,1
53_52,53_53,1
53_52,54_52,1
53_53,53_54,1
53_53,54_53,1
53_54,53_55,1
53_54,54_54,1
53_55,53_56,1
53_55,54_55,1
53_56,53_57,1
53_56,54_56,1
53_57,53_58,1
53_57,54_57,1
53_58,53_59,1
53_58,54_58,1
53_59,53_60,1
53_59,54_59,1
53_60,53_61,1
53_60,54_60,1
53_61,53_62,1
53_61,54_61,1
53_62,53_63,1
53_62,54_62,1
53_63,53_64,1
53_63,54_63,1
53_64,53_65,1
53_64,54_64,1
53_65,53_66,1
53_65,54_65,1
53_66,53_67,1
53_66,54_66,1
53_67,53_68,1
53_67,54_67,1
53_68,53_69,1
53_68,54_68,1
53_69,53_70,1
53_69,54_69,1
53_70,53_71,1
53_70,54_70,1
53_71,53_72,1
53_71,54_71,1
53_72,53_73,1
53_72,54_72,1
53_73,53_74,1
53_73,54_73,1
53_74,53_75,1
53_74,54_74,1
53_75,53_76,1
53_75,54_75,1
53_76,53_77,1
53_76,54_76,1
53_77,53_78,1
53_77,54_77,1
53_78,54_78,1
54_1,54_2,1
54_1,55_1,1
54_2,54_3,1
54_2,55_2,1
54_3,54_4,1
54_3,55_3,1
54_4,54_5,1
54_4,55_4,1
54_5,54_6,1
54_5,55_5,1
54_6,54_7,1
54_6,55_6,1
54_7,54_8,1
54_7,55_7,1
54_8,54_9,1
54_8,55_8,1
54_9,54_10,1
54_9,55_9,1
54_10,54_11,1
54_10,55_10,1
54_11,54_12,1
54_11,55_11,1
54_12,54_13,1
54_12,55_12,1
54_13,54_14,1
54_13,55_13,1
54_14,54_15,1
54_14,55_14,1
54_15,54_16,1
54_15,55_15,1
54_16,54_17,1
54_16,55_16,1
54_17,54_18,1
54_17,55_17,1
54_18,54_19,1
54_18,55_18,1
54_19,54_20,1
54_19,55_19,1
54_20,54_21,1
54_20,55_20,1
54_21,54_22,1
54_21,55_21,1
54_22,54_23,1
54_22,55_22,1
54_23,55_23,1
54_25,54_26,1
54_25,55_25,1
54_26,54_27,1
54_26,55_26,1
54_27,54_28,1
54_27,55_27,1
54_28,54_29,1
54_28,55_28,1
54_29,55_29,1
54_31,54_32,1
54_31,55_31,1
54_32,54_33,1
54_32,55_32,1
54_33,54_34,1
54_33,55_33,1
54_34,54_35,1
54_34,55_34,1
54_35,54_36,1
54_35,55_35,1
54_36,54_37,1
54_36,55_36,1
54_37,54_38,1
54_37,55_37,1
54_38,54_39,1
54_38,55_38,1
54_39,54_40,1
54_39,55_39,1
54_40,54_41,1
54_40,55_40,1
54_41,54_42,1
54_41,55_41,1
54_42,54_43,1
54_42,55_42,1
54_43,54_44,1
54_43,55_43,1
54_44,54_45,1
54_44,55_44,1
54_45,54_46,1
54_45,55_45,1
54_46,54_47,1
54_46,55_46,1
54_47,54_48,1
54_47,55_47,1
54_48,54_49,1
54_48,55_48,1
54_49,54_50,1
54_49,55_49,1
54_50,54_51,1
54_50,55_50,1
54_51,54_52,1
54_51,55_51,1
54_52,54_53,1
54_52,55_52,1
54_53,54_54,1
54_53,55_53,1
54_54,54_55,1
54_54,55_54,1
54_55,54_56,1
54_55,55_55,1
54_56,54_57,1
54_56,55_56,1
54_57,54_58,1
54_57,55_57,1
54_58,54_59,1
54_58,55_58,1
54_59,54_60,1
54_59,55_59,1
54_60,54_61,1
54_60,55_60,1
54_61,54_62,1
54_61,55_61,1
54_62,54_63,1
54_62,55_62,1
54_63,54_64,1
54_63,55_63,1
54_64,54_65,1
54_64,55_64,1
54_65,54_66,1
54_65,55_65,1
54_66,54_67,1
54_66,55_66,1
54_67,54_68,1
54_67,55_67,1
54_68,54_69,1
54_68,55_68,1
54_69,54_70,1
54_69,55_69,1
54_70,54_71,1
54_70,55_70,1
54_71,54_72,1
54_71,55_71,1
54_72,54_73,1
54_72,55_72,1
54_73,54_74,1
54_73,55_73,1
54_74,54_75,1
54_74,55_74,1
54_75,54_76,1
54_75,55_75,1
54_76,54_77,1
54_76,55_76,1
54_77,54_78,1
54_77,55_77,1
54_78,55_78,1
55_1,55_2,1
55_1,56_1,1
55_2,55_3,1
55_2,56_2,1
55_3,55_4,1
55_3,56_3,1
55_4,55_5,1
55_4,56_4,1
55_5,55_6,1
55_5,56_5,1
55_6,55_7,1
55_6,56_6,1
55_7,55_8,1
55_7,56_7,1
55_8,55_9,1
55_8,56_8,1
55_9,55_10,1
55_9,56_9,1
55_10,55_11,1
55_10,56_10,1
55_11,55_12,1
55_11,56_11,1
55_12,55_13,1
55_12,56_12,1
55_13,55_14,1
55_13,56_13,1
55_14,55_15,1
55_14,56_14,1
55_15,55_16,1
55_15,56_15,1
55_16,55_17,1
55_16,56_16,1
55_17,55_18,1
55_17,56_17,1
55_18,55_19,1
55_18,56_18,1
55_19,55_20,1
55_19,56_19,1
55_20,55_21,1
55_20,56_20,1
55_21,55_22,1
55_21,56_21,1
55_22,55_23,1
55_22,56_22,1
55_23,55_24,1
55_23,56_23,1
55_24,55_25,1
55_24,56_24,1
55_25,55_26,1
55_25,56_25,1
55_26,55_27,1
55_26,56_26,1
55_27,55_28,1
55_27,56_27,1
55_28,55_29,1
55_28,56_28,1
55_29,56_29,1
55_31,55_32,1
55_31,56_31,1
55_32,55_33,1
55_32,56_32,1
55_33,55_34,1
55_33,56_33,1
55_34,55_35,1
55_34,56_34,1
55_35,55_36,1
55_35,56_35,1
55_36,55_37,1
55_36,56_36,1
55_37,55_38,1
55_37,56_37,1
55_38,55_39,1
55_38,56_38,1
55_39,55_40,1
55_39,56_39,1
55_40,55_41,1
55_40,56_40,1
55_41,55_42,1
55_41,56_41,1
55_42,55_43,1
55_42,56_42,1
55_43,55_44,1
55_43,56_43,1
55_44,55_45,1
55_44,56_44,1
55_45,55_46,1
55_45,56_45,1
55_46,55_47,1
55_46,56_46,1
55_47,55_48,1
55_47,56_47,1
55_48,55_49,1
55_48,56_48,1
55_49,55_50,1
55_49,56_49,1
55_50,55_51,1
55_50,56_50,1
55_51,55_52,1
55_51,56_51,1
55_52,55_53,1
55_52,56_52,1
55_53,55_54,1
55_53,56_53,1
55_54,55_55,1
55_54,56_54,1
55_55,55_56,1
55_55,56_55,1
55_56,55_57,1
55_56,56_56,1
55_57,55_58,1
55_57,56_57,1
55_58,55_59,1
55_58,56_58,1
55_59,55_60,1
55_59,56_59,1
55_60,55_61,1
55_60,56_60,1
55_61,55_62,1
55_61,56_61,1
55_62,55_63,1
55_62,56_62,1
55_63,55_64,1
55_63,56_63,1
55_64,55_65,1
55_64,56_64,1
55_65,55_66,1
55_65,56_65,1
55_66,55_67,1
55_66,56_66,1
55_67,55_68,1
55_67,56_67,1
55_68,55_69,1
55_68,56_68,1
55_69,55_70,1
55_69,56_69,1
55_70,55_71,1
55_70,56_70,1
55_71,55_72,1
55_71,56_71,1
55_72,55_73,1
55_72,56_72,1
55_73,55_74,1
55_73,56_73,1
55_74,55_75,1
55_74,56_74,1
55_75,55_76,1
55_75,56_75,1
55_76,55_77,1
55_76,56_76,1
55_77,55_78,1
55_77,56_77,1
55_78,56_78,1
56_1,56_2,1
56_1,57_1,1
56_2,56_3,1
56_2,57_2,1
56_3,56_4,1
56_3,57_3,1
56_4,56_5,1
56_4,57_4,1
56_5,56_6,1
56_5,57_5,1
56_6,56_7,1
56_6,57_6,1
56_7,56_8,1
56_7,57_7,1
56_8,56_9,1
56_8,57_8,1
56_9,56_10,1
56_9,57_9,1
56_10,56_11,1
56_10,57_10,1
56_11,56_12,1
56_11,57_11,1
56_12,56_13,1
56_12,57_12,1
56_13,56_14,1
56_13,57_13,1
56_14,56_15,1
56_14,57_14,1
56_15,56_16,1
56_15,57_15,1
56_16,56_17,1
56_16,57_16,1
56_17,56_18,1
56_17,57_17,1
56_18,56_19,1
56_18,57_18,1
56_19,56_20,1
56_19,57_19,1
56_20,56_21,1
56_20,57_20,1
56_21,56_22,1
56_21,57_21,1
56_22,56_23,1
56_22,57_22,1
56_23,56_24,1
56_23,57_23,1
56_24,56_25,1
56_24,57_24,1
56_25,56_26,1
56_25,57_25,1
56_26,56_27,1
56_26,57_26,1
56_27,56_28,1
56_27,57_27,1
56_28,56_29,1
56_28,57_28,1
56_29,57_29,1
56_31,56_32,1
56_31,57_31,1
56_32,56_33,1
56_32,57_32,1
56_33,56_34,1
56_33,57_33,1
56_34,56_35,1
56_34,57_34,1
56_35,56_36,1
56_35,57_35,1
56_36,56_37,1
56_36,57_36,1
56_37,56_38,1
56_37,57_37,1
56_38,56_39,1
56_38,57_38,1
56_39,56_40,1
56_39,57_39,1
56_40,56_41,1
56_40,57_40,1
56_41,56_42,1
56_41,57_41,1
56_42,56_43,1
56_42,57_42,1
56_43,56_44,1
56_43,57_43,1
56_44,56_45,1
56_44,57_44,1
56_45,56_46,1
56_45,57_45,1
56_46,56_47,1
56_46,57_46,1
56_47,56_48,1
56_47,57_47,1
56_48,56_49,1
56_48,57_48,1
56_49,56_50,1
56_49,57_49,1
56_50,56_51,1
56_50,57_50,1
56_51,56_52,1
56_51,57_51,1
56_52,56_53,1
56_52,57_52,1
56_53,56_54,1
56_53,57_53,1
56_54,56_55,1
56_54,57_54,1
56_55,56_56,1
56_55,57_55,1
56_56,56_57,1
56_56,57_56,1
56_57,56_58,1
56_57,57_57,1
56_58,56_59,1
56_58,57_58,1
56_59,56_60,1
56_59,57_59,1
56_60,56_61,1
56_60,57_60,1
56_61,56_62,1
56_61,57_61,1
56_62,56_63,1
56_62,57_62,1
56_63,56_64,1
56_63,57_63,1
56_64,56_65,1
56_64,57_64,1
56_65,56_66,1
56_65,57_65,1
56_66,56_67,1
56_66,57_66,1
56_67,56_68,1
56_67,57_67,1
56_68,56_69,1
56_68,57_68,1
56_69,56_70,1
56_69,57_69,1
56_70,56_71,1
56_70,57_70,1
56_71,56_72,1
56_71,57_71,1
56_72,56_73,1
56_72,57_72,1
56_73,56_74,1
56_73,57_73,1
56_74,56_75,1
56_74,57_74,1
56_75,56_76,1
56_75,57_75,1
56_76,56_77,1
56_76,57_76,1
56_77,56_78,1
56_77,57_77,1
56_78,57_78,1
57_1,57_2,1
57_1,58_1,1
57_2,57_3,1
57_2,58_2,1
57_3,57_4,1
57_3,58_3,1
57_4,57_5,1
57_4,58_4,1
57_5,57_6,1
57_5,58_5,1
57_6,57_7,1
57_6,58_6,1
57_7,57_8,1
57_7,58_7,1
57_8,57_9,1
57_8,58_8,1
57_9,57_10,1
57_9,58_9,1
57_10,57_11,1
57_10,58_10,1
57_11,57_12,1
57_11,58_11,1
57_12,57_13,1
57_12,58_12,1
57_13,57_14,1
57_13,58_13,1
57_14,57_15,1
57_14,58_14,1
57_15,57_16,1
57_15,58_15,1
57_16,57_17,1
57_16,58_16,1
57_17,57_18,1
57_17,58_17,1
57_18,57_19,1
57_18,58_18,1
57_19,57_20,1
57_19,58_19,1
57_20,57_21,1
57_20,58_20,1
57_21,57_22,1
57_21,58_21,1
57_22,57_23,1
57_22,58_22,1
57_23,57_24,1
57_23,58_23,1
57_24,57_25,1
57_24,58_24,1
57_25,57_26,1
57_25,58_25,1
57_26,57_27,1
57_26,58_26,1
57_27,57_28,1
57_27,58_27,1
57_28,57_29,1
57_28,58_28,1
57_29,57_30,1
57_29,58_29,1
57_30,57_31,1
57_30,58_30,1
57_31,57_32,1
57_31,58_31,1
57_32,57_33,1
57_32,58_32,1
57_33,57_34,1
57_33,58_33,1
57_34,57_35,1
57_34,58_34,1
57_35,57_36,1
57_35,58_35,1
57_36,57_37,1
57_36,58_36,1
57_37,57_38,1
57_37,58_37,1
57_38,57_39,1
57_38,58_38,1
57_39,57_40,1
57_39,58_39,1
57_40,57_41,1
57_40,58_40,1
57_41,57_42,1
57_41,58_41,1
57_42,57_43,1
57_42,58_42,1
57_43,57_44,1
57_43,58_43,1
57_44,57_45,1
57_44,58_44,1
57_45,57_46,1
57_45,58_45,1
57_46,57_47,1
57_46,58_46,1
57_47,57_48,1
57_47,58_47,1
57_48,57_49,1
57_48,58_48,1
57_49,57_50,1
57_49,58_49,1
57_50,57_51,1
57_50,58_50,1
57_51,57_52,1
57_51,58_51,1
57_52,57_53,1
57_52,58_52,1
57_53,57_54,1
57_53,58_53,1
57_54,57_55,1
57_54,58_54,1
57_55,57_56,1
57_55,58_55,1
57_56,57_57,1
57_56,58_56,1
57_57,57_58,1
57_57,58_57,1
57_58,57_59,1
57_58,58_58,1
57_59,57_60,1
57_59,58_59,1
57_60,57_61,1
57_60,58_60,1
57_61,57_62,1
57_61,58_61,1
57_62,57_63,1
57_62,58_62,1
57_63,57_64,1
57_63,58_63,1
57_64,57_65,1
57_64,58_64,1
57_65,57_66,1
57_65,58_65,1
57_66,57_67,1
57_66,58_66,1
57_67,57_68,1
57_67,58_67,1
57_68,57_69,1
57_68,58_68,1
57_69,57_70,1
57_69,58_69,1
57_70,57_71,1
57_70,58_70,1
57_71,57_72,1
57_71,58_71,1
57_72,57_73,1
57_72,58_72,1
57_73,57_74,1
57_73,58_73,1
57_74,57_75,1
57_74,58_74,1
57_75,57_76,1
57_75,58_75,1
57_76,57_77,1
57_76,58_76,1
57_77,57_78,1
57_77,58_77,1
57_78,58_78,1
58_1,58_2,1
58_2,58_3,1
58_3,58_4,1
58_4,58_5,1
58_5,58_6,1
58_6,58_7,1
58_7,58_8,1
58_8,58_9,1
58_9,58_10,1
58_10,58_11,1
58_11,58_12,1
58_12,58_13,1
58_13,58_14,1
58_14,58_15,1
58_15,58_16,1
58_16,58_17,1
58_17,58_18,1
58_18,58_19,1
58_19,58_20,1
58_20,58_21,1
58_21,58_22,1
58_22,58_23,1
58_23,58_24,1
58_24,58_25,1
58_25,58_26,1
58_26,58_27,1
58_27,58_28,1
58_28,58_29,1
58_29,58_30,1
58_30,58_31,1
58_31,58_32,1
58_32,58_33,1
58_33,58_34,1
58_34,58_35,1
58_35,58_36,1
58_36,58_37,1
58_37,58_38,1
58_38,58_39,1
58_39,58_40,1
58_40,58_41,1
58_41,58_42,1
58_42,58_43,1
58_43,58_44,1
58_44,58_45,1
58_45,58_46,1
58_46,58_47,1
58_47,58_48,1
58_48,58_49,1
58_49,58_50,1
58_50,58_51,1
58_51,58_52,1
58_52,58_53,1
58_53,58_54,1
58_54,58_55,1
58_55,58_56,1
58_56,58_57,1
58_57,58_58,1
58_58,58_59,1
58_59,58_60,1
58_60,58_61,1
58_61,58_62,1
58_62,58_63,1
58_63,58_64,1
58_64,58_65,1
58_65,58_66,1
58_66,58_67,1
58_67,58_68,1
58_68,58_69,1
58_69,58_70,1
58_70,58_71,1
58_71,58_72,1
58_72,58_73,1
58_73,58_74,1
58_74,58_75,1
58_75,58_76,1
58_76,58_77,1
58_77,58_78,1
